node;eigenvector;pagerank;closeness;degree;clustering_coeffs
6NwYl6JuXxC9H8T0hkNg6Q;1.295856911974316e-80;0.0010564547430534654;0.0;0.0;0.0
5rI6C5mJm6GYXbGHhpHTu9;1.295856911974316e-80;0.0010564547430534654;0.0;0.0;0.0
0cbL6CYnRqpAxf1evwUVQD;1.295856911974316e-80;0.0010564547430534654;0.0;0.0;0.0
3I5WNQR2o5jkAibQVWqdqs;1.295856911974316e-80;0.0010564547430534654;0.0;0.0;0.0
6YqdtpUutxodni6lUD4stM;4.4095725719747843e-42;0.0070416841802270905;0.002079002079002079;0.002079002079002079;0.0
3cbd5GWGOknxmFAe77MDbk;1.295856911974316e-80;0.0010564547430534654;0.0;0.0;0.0
2TM0qnbJH4QPhGMCdPt7fH;1.295856911974316e-80;0.0010564547430534654;0.0;0.0;0.0
53M4Iv2RkzzxFFvW2B1jhC;1.295856911974316e-80;0.0010564547430534654;0.0;0.0;0.0
7bu3H8JO7d0UbMoVzbo70s;1.295856911974316e-80;0.0010564547430534654;0.0;0.0;0.0
5K6cIE6i4ZIWFlrpzi2T5u;1.295856911974316e-80;0.0010564547430534654;0.0;0.0;0.0
7EP6QHjz7FSJZBVjDuAmas;1.295856911974316e-80;0.0010564547430534654;0.0;0.0;0.0
4sWyw0OrBKwmiaPOAuTuig;1.295856911974316e-80;0.0010564547430534654;0.0;0.0;0.0
0qT79UgT5tY4yudH9VfsdT;1.295856911974316e-80;0.0010564547430534654;0.0;0.0;0.0
2PBhJmRqee1QAyQU2kBu1H;1.295856911974316e-80;0.0010564547430534654;0.0;0.0;0.0
62USA8ccl2yj1sSVyqL2LR;1.295856911974316e-80;0.0010564547430534654;0.0;0.0;0.0
0NRCBhMWztpOQkRkrepakm;0.0009233844873238332;0.0038818608006792603;0.008870408870408871;0.002079002079002079;0.0
2zUQjYvy0TevSi4d3PjqQO;4.4095725719747843e-42;0.0070416841802270905;0.002079002079002079;0.002079002079002079;0.0
2a3EJeQjcAelthFGr5bzQC;4.4095725719747843e-42;0.0070416841802270905;0.002079002079002079;0.002079002079002079;0.0
0C3z9wx7oGwZ6SuJhrvBKM;1.295856911974316e-80;0.0010564547430534654;0.0;0.0;0.0
1lQnDEcvFAWaUjbyZiHKih;1.295856911974316e-80;0.0010564547430534654;0.0;0.0;0.0
0KtaCKmTMIQZsxlOgyNa04;1.295856911974316e-80;0.0010564547430534654;0.0;0.0;0.0
7FBcuc1gsnv6Y1nwFtNRCb;1.295856911974316e-80;0.0010564547430534654;0.0;0.0;0.0
4uAXlCewJdAu44uAHehKfd;0.09749493272785197;0.010790284461280317;0.011333914559721013;0.006237006237006237;0.0
34uGMERnU9XHnmQDnK03Gj;1.295856911974316e-80;0.0010564547430534654;0.0;0.0;0.0
3RGLhK1IP9jnYFH4BRFJBS;1.295856911974316e-80;0.0010564547430534654;0.0;0.0;0.0
4S2yOnmsWW97dT87yVoaSZ;1.295856911974316e-80;0.0010564547430534654;0.0;0.0;0.0
2ojY7fXJxZQhg8Rx5e8h9G;1.5473567809898905e-31;0.010269388026455117;0.004158004158004158;0.004158004158004158;0.0
3yY2gUcIsjMr8hjo51PoJ8;1.295856911974316e-80;0.0010564547430534654;0.0;0.0;0.0
4jIvmo6hfAQ04NSOWPVVA3;1.295856911974316e-80;0.0010564547430534654;0.0;0.0;0.0
6yhD1KjhLxIETFF7vIRf8B;1.5473567809898905e-31;0.010269388026455117;0.004158004158004158;0.004158004158004158;0.0
3ijila8dsJCViL148nKkW9;1.295856911974316e-80;0.0010564547430534654;0.0;0.0;0.0
3vAaWhdBR38Q02ohXqaNHT;1.295856911974316e-80;0.0010564547430534654;0.0;0.0;0.0
08JjzDgK2ltxMBWlez1YyH;4.807100832554468e-27;0.009141791347808665;0.004677754677754678;0.004158004158004158;0.0
3ktAhWMnoYiz6UpBEKfv5i;4.807100832554468e-27;0.009141791347808665;0.004677754677754678;0.004158004158004158;0.0
0r3Nr12KW6sMFbgdzbJtgj;1.295856911974316e-80;0.0010564547430534654;0.0;0.0;0.0
3AwNBhYb8tZmJ5m0VIKHp2;1.295856911974316e-80;0.0010564547430534654;0.0;0.0;0.0
3n16EAnJtz6SZGx2zJssrI;1.295856911974316e-80;0.0010564547430534654;0.0;0.0;0.0
6cYpGRwsphKMAdkYw2KuXS;0.0013850767309857499;0.006750245278333783;0.009504009504009503;0.004158004158004158;1.0
0ntVZReCfBFQctUiiaTaeu;0.0027701534619715;0.026583502261300705;0.016632016632016633;0.016632016632016633;0.03571428571428571
6byQKddO1b34lXC2ZEjehQ;1.295856911974316e-80;0.0010564547430534654;0.0;0.0;0.0
5sdxGvwxI1TkTA6Pu2jnTb;1.295856911974316e-80;0.0010564547430534654;0.0;0.0;0.0
1qC3LsWlbrRCPVRooOX81u;1.295856911974316e-80;0.0010564547430534654;0.0;0.0;0.0
7w9jdhcgHNdiPeNPUoFSlx;1.295856911974316e-80;0.0010564547430534654;0.0;0.0;0.0
3yX8kCojnUAJJ1eWGZT38j;1.295856911974316e-80;0.0010564547430534654;0.0;0.0;0.0
2F8GvYuY0lfZNYu45dY6gJ;4.016077516644194e-15;0.019952499565139194;0.010395010395010396;0.010395010395010396;0.0
4F84IBURUo98rz4r61KF70;4.4095725719747843e-42;0.0070416841802270905;0.002079002079002079;0.002079002079002079;0.0
6JqiYCJwtFqBMCvX772Pw2;1.295856911974316e-80;0.0010564547430534654;0.0;0.0;0.0
7HhjcR2DpkXelO9wMrmrir;1.295856911974316e-80;0.0010564547430534654;0.0;0.0;0.0
5LosISMzDQRNU8Y59rM5ED;1.295856911974316e-80;0.0010564547430534654;0.0;0.0;0.0
5R3NywPPOyhLfdvutgg0me;1.295856911974316e-80;0.0010564547430534654;0.0;0.0;0.0
06QVnTCdjs4jPKO0487EGV;1.295856911974316e-80;0.0010564547430534654;0.0;0.0;0.0
7MTotDfi3oohb0PBdlFsA5;1.295856911974316e-80;0.0010564547430534654;0.0;0.0;0.0
64Vp34MYbR0NRjkveSuZMY;1.295856911974316e-80;0.0010564547430534654;0.0;0.0;0.0
28Ay5v0M2uegKIswk4dUWQ;1.295856911974316e-80;0.0010564547430534654;0.0;0.0;0.0
5LfGQac0EIXyAN8aUwmNAQ;1.295856911974316e-80;0.0010564547430534654;0.0;0.0;0.0
70B8WzgEFajrIE820yi08H;1.295856911974316e-80;0.0010564547430534654;0.0;0.0;0.0
41nB823nb3wxEI25UeGHqG;1.295856911974316e-80;0.0010564547430534654;0.0;0.0;0.0
3loTvAld5Tpk5aSNbboGpj;0.6779894548340124;0.028796489519365524;0.01673101673101673;0.018711018711018712;0.027777777777777776
2KGbvHE2WfRazq4yE3pcWi;1.295856911974316e-80;0.0010564547430534654;0.0;0.0;0.0
2L1ldSV7eVssSmGfPAZyKc;1.295856911974316e-80;0.0010564547430534654;0.0;0.0;0.0
7JuLr3YC53QjWBcw2el44G;1.295856911974316e-80;0.0010564547430534654;0.0;0.0;0.0
6Shas1ACrMl25XHgTrzxeo;1.295856911974316e-80;0.0010564547430534654;0.0;0.0;0.0
0FINyNBXqnTlRC4dvpSeSb;1.295856911974316e-80;0.0010564547430534654;0.0;0.0;0.0
6OO01j5rLKCyPg4i3FuzIT;1.295856911974316e-80;0.0010564547430534654;0.0;0.0;0.0
036IY6CphXdsPiqIXdqvCP;1.295856911974316e-80;0.0010564547430534654;0.0;0.0;0.0
3HXSUfI76zVZk71UMAeVfp;1.295856911974316e-80;0.0010564547430534654;0.0;0.0;0.0
6FBDaR13swtiWwGhX1WQsP;1.295856911974316e-80;0.0010564547430534654;0.0;0.0;0.0
1Vokrr21dze8HRk1oeWq9o;1.5473567809898905e-31;0.010269388026455117;0.004158004158004158;0.004158004158004158;0.0
6GTwMrB4u3hwcUyc9sU1UL;1.295856911974316e-80;0.0010564547430534654;0.0;0.0;0.0
2WjMknfXoWEZL4X5QbGd3z;1.295856911974316e-80;0.0010564547430534654;0.0;0.0;0.0
74XFHRwlV6OrjEM0A2NCMF;1.295856911974316e-80;0.0010564547430534654;0.0;0.0;0.0
2p4FqHnazRucYQHyDCdBrJ;1.5473567809898905e-31;0.010269388026455117;0.004158004158004158;0.004158004158004158;0.0
1nwPEi1UZdJtCxBqATpsq3;1.295856911974316e-80;0.0010564547430534654;0.0;0.0;0.0
4cDXms9IAR2Fy7iLt0lz0Q;1.295856911974316e-80;0.0010564547430534654;0.0;0.0;0.0
5yLMeTi9Jxg5LLssjYz5s1;1.295856911974316e-80;0.0010564547430534654;0.0;0.0;0.0
58tsj94tcDnxNnMhHkIc2E;4.4095725719747843e-42;0.0070416841802270905;0.002079002079002079;0.002079002079002079;0.0
0jz8mea3EKbqvOxZY6skBz;1.295856911974316e-80;0.0010564547430534654;0.0;0.0;0.0
3nc8VYKBqtooEzkV1S1orW;0.0009233844873238332;0.0038818608006792603;0.008870408870408871;0.002079002079002079;0.0
4QS6cBjYsUxt7UyRVomTS4;1.295856911974316e-80;0.0010564547430534654;0.0;0.0;0.0
059ysTnWcrm4yFwTr0NDjc;1.295856911974316e-80;0.0010564547430534654;0.0;0.0;0.0
066X20Nz7iquqkkCW6Jxy6;1.295856911974316e-80;0.0010564547430534654;0.0;0.0;0.0
30j6YCWLSp59jLF7yIYZWq;1.295856911974316e-80;0.0010564547430534654;0.0;0.0;0.0
40D2LUlV5SqxWG3ux2DhFe;1.295856911974316e-80;0.0010564547430534654;0.0;0.0;0.0
6rY1h3kpqbTquyR3qYWo08;1.295856911974316e-80;0.0010564547430534654;0.0;0.0;0.0
46gyXjRIvN1NL1eCB8GBxo;1.295856911974316e-80;0.0010564547430534654;0.0;0.0;0.0
1nYKikHu8WWMKYVTcNyyzs;1.295856911974316e-80;0.0010564547430534654;0.0;0.0;0.0
6eouuqqGggqDlYRV63cgPo;4.4095725719747843e-42;0.0070416841802270905;0.002079002079002079;0.002079002079002079;0.0
677o3tYf3N8f8Ef4XY2tZa;1.295856911974316e-80;0.0010564547430534654;0.0;0.0;0.0
0qc4X567Fs1DUbQ7bS2XSJ;1.295856911974316e-80;0.0010564547430534654;0.0;0.0;0.0
5B38ZGYpd0msq1LKOyz2r9;1.295856911974316e-80;0.0010564547430534654;0.0;0.0;0.0
1v1khTmozNfxB2ET1Ep288;1.295856911974316e-80;0.0010564547430534654;0.0;0.0;0.0
2P560DaOMNDUACoH8ZhOCR;1.295856911974316e-80;0.0010564547430534654;0.0;0.0;0.0
29lz7gs8edwnnfuXW4FhMl;1.295856911974316e-80;0.0010564547430534654;0.0;0.0;0.0
0ZDbrXYXNaO94VjgXjdFh7;1.295856911974316e-80;0.0010564547430534654;0.0;0.0;0.0
2aYJ5LAta2ScCdfLhKgZOY;1.295856911974316e-80;0.0010564547430534654;0.0;0.0;0.0
7oPftvlwr6VrsViSDV7fJY;1.295856911974316e-80;0.0010564547430534654;0.0;0.0;0.0
21fmCv0mg9Xwnv3WE4mFKu;1.295856911974316e-80;0.0010564547430534654;0.0;0.0;0.0
3jO7X5KupvwmWTHGtHgcgo;4.4095725719747843e-42;0.0070416841802270905;0.002079002079002079;0.002079002079002079;0.0
2wzMOQwNT6ZvVB4amvhFAH;4.4095725719747843e-42;0.0070416841802270905;0.002079002079002079;0.002079002079002079;0.0
5pyF7nerLdGc4ZV3U72tdQ;1.295856911974316e-80;0.0010564547430534654;0.0;0.0;0.0
0EdvGhlC1FkGItLOWQzG4J;1.295856911974316e-80;0.0010564547430534654;0.0;0.0;0.0
4ohX8O3IjjDnsc4y2OBe1t;1.295856911974316e-80;0.0010564547430534654;0.0;0.0;0.0
3Z6IRCo7umuk8K2XQy0ZDj;1.295856911974316e-80;0.0010564547430534654;0.0;0.0;0.0
6RjsbK9T7d1UQD1PFEYYGt;0.3120855932949266;0.0065682030807977755;0.01097972972972973;0.004158004158004158;1.0
4GBFKKuwmZUnAJt6nBal7A;1.295856911974316e-80;0.0010564547430534654;0.0;0.0;0.0
7An4yvF7hDYDolN4m5zKBp;1.295856911974316e-80;0.0010564547430534654;0.0;0.0;0.0
1SQRv42e4PjEYfPhS0Tk9E;1.295856911974316e-80;0.0010564547430534654;0.0;0.0;0.0
38vf1Wys8uNYdbZQwtGpmr;1.295856911974316e-80;0.0010564547430534654;0.0;0.0;0.0
1IguwRyjy5JKRb9ErCQsq1;1.295856911974316e-80;0.0010564547430534654;0.0;0.0;0.0
26T3LtbuGT1Fu9m0eRq5X3;4.4095725719747843e-42;0.0070416841802270905;0.002079002079002079;0.002079002079002079;0.0
7yvvL4p6VhBe8iLfoM0PHR;1.094146472752939e-31;0.0054278322571130804;0.002772002772002772;0.002079002079002079;0.0
05L6VMY7Cbr5TvxqeDoREh;1.295856911974316e-80;0.0010564547430534654;0.0;0.0;0.0
1kNQXvepPjaPgUfeDAF2h6;4.4095725719747843e-42;0.0070416841802270905;0.002079002079002079;0.002079002079002079;0.0
4JgXlDN8sCvwjFeFlWnsuf;1.295856911974316e-80;0.0010564547430534654;0.0;0.0;0.0
55Qe4QsMyFgVhb16jkEftW;1.295856911974316e-80;0.0010564547430534654;0.0;0.0;0.0
2HwptwPQ4lvpYimzOJcYoY;0.010755781778234172;0.0043904262103956595;0.006629270780214177;0.002079002079002079;0.0
2xZHADRPl17tm8FPthebhR;1.0461595167745902e-11;0.013499198643968712;0.008662508662508664;0.008316008316008316;0.16666666666666666
0MzWXIO3Z73PfIwg0UUGHm;1.295856911974316e-80;0.0010564547430534654;0.0;0.0;0.0
6n4SsAp5VjvIBg3s9QCcPX;1.295856911974316e-80;0.0010564547430534654;0.0;0.0;0.0
0cAOG10Gh3ORpBRZ9c7Zam;4.4095725719747843e-42;0.0070416841802270905;0.002079002079002079;0.002079002079002079;0.0
45pZaQrcKOOYDf0GrmQvqQ;1.295856911974316e-80;0.0010564547430534654;0.0;0.0;0.0
4FZ3j1oH43e7cukCALsCwf;4.4095725719747843e-42;0.0070416841802270905;0.002079002079002079;0.002079002079002079;0.0
1MuQ2m2tg7naeRGAOxYZer;4.4095725719747843e-42;0.0070416841802270905;0.002079002079002079;0.002079002079002079;0.0
3cMEiDsx9VpGvF71hUGswS;1.295856911974316e-80;0.0010564547430534654;0.0;0.0;0.0
47jBQjRmURjRn3XfLIaHvV;1.295856911974316e-80;0.0010564547430534654;0.0;0.0;0.0
2N2EFVDEbp2JB8ulEUVIxp;1.295856911974316e-80;0.0010564547430534654;0.0;0.0;0.0
4fLCFZWbgAALL8veJBj8lX;1.295856911974316e-80;0.0010564547430534654;0.0;0.0;0.0
5kQGFREO5FzMBMsAO3cEtj;1.295856911974316e-80;0.0010564547430534654;0.0;0.0;0.0
6aWektyglfpO0k93ns3J1Z;1.295856911974316e-80;0.0010564547430534654;0.0;0.0;0.0
4jPsY1s2yZz5GbsY3o7G1w;4.4095725719747843e-42;0.0070416841802270905;0.002079002079002079;0.002079002079002079;0.0
2jkl2xJVm71azWAgZKyf42;1.295856911974316e-80;0.0010564547430534654;0.0;0.0;0.0
61OnUq2Pb2GDDGlrHb7I6U;1.295856911974316e-80;0.0010564547430534654;0.0;0.0;0.0
3Ayl7mCk0nScecqOzvNp6s;1.295856911974316e-80;0.0010564547430534654;0.0;0.0;0.0
278SwmY0rSNHyaCq9JJt48;1.295856911974316e-80;0.0010564547430534654;0.0;0.0;0.0
5gcvW6H0e7pudeOGevacuw;1.295856911974316e-80;0.0010564547430534654;0.0;0.0;0.0
1Z13YUXbUmdKwDO4RtVgyx;1.295856911974316e-80;0.0010564547430534654;0.0;0.0;0.0
0yNLKJebCb8Aueb54LYya3;4.4095725719747843e-42;0.0070416841802270905;0.002079002079002079;0.002079002079002079;0.0
7mCLESNi2TWfJcmHA6z0we;4.4095725719747843e-42;0.0070416841802270905;0.002079002079002079;0.002079002079002079;0.0
1kfCwVVXg1E5gFZQPM152L;1.295856911974316e-80;0.0010564547430534654;0.0;0.0;0.0
1nVq0hKIVReeaiB3xJgKf0;9.05313094921412e-12;0.010161589305255505;0.007425007425007426;0.006237006237006237;0.3333333333333333
0RfocEzLe78RexLTeU1K2p;1.295856911974316e-80;0.0010564547430534654;0.0;0.0;0.0
1gl0S9pS0Zw0qfa14rDD3D;1.295856911974316e-80;0.0010564547430534654;0.0;0.0;0.0
0MK8l3nURwwQIjafvXoJJt;1.295856911974316e-80;0.0010564547430534654;0.0;0.0;0.0
2DEOeaIzp8CWyw3Sh9CqrR;1.295856911974316e-80;0.0010564547430534654;0.0;0.0;0.0
7mnBLXK823vNxN3UWB7Gfz;1.295856911974316e-80;0.0010564547430534654;0.0;0.0;0.0
7FxVB5xQi2szfC6Us1ag9A;1.295856911974316e-80;0.0010564547430534654;0.0;0.0;0.0
05JNHlwtdHqPJ6wcW7Mil5;1.295856911974316e-80;0.0010564547430534654;0.0;0.0;0.0
68EB3QvNdVLkC7SAgDbHIR;1.295856911974316e-80;0.0010564547430534654;0.0;0.0;0.0
3N8Hy6xQnQv1F1XCiyGQqA;1.5473567809898905e-31;0.010269388026455117;0.004158004158004158;0.004158004158004158;0.0
1Hy8tdpH9ygqoohumHZqVl;1.295856911974316e-80;0.0010564547430534654;0.0;0.0;0.0
2BFdLtG6ivaiRqPFTgV1in;4.4095725719747843e-42;0.0070416841802270905;0.002079002079002079;0.002079002079002079;0.0
5NNlkZBrBpOJ7C11JwVxIj;1.295856911974316e-80;0.0010564547430534654;0.0;0.0;0.0
5Gcpu5c7VJNaoSoAwzfqsY;1.295856911974316e-80;0.0010564547430534654;0.0;0.0;0.0
6oFs3qk4VepIVFdoD4jmsy;1.295856911974316e-80;0.0010564547430534654;0.0;0.0;0.0
4MiKufcWLuX6KDLzqhUgQD;1.295856911974316e-80;0.0010564547430534654;0.0;0.0;0.0
7qBIgabdHdcr6NLujDxWAU;4.4095725719747843e-42;0.0070416841802270905;0.002079002079002079;0.002079002079002079;0.0
6umPx2jA287jsmIwdKPIev;1.295856911974316e-80;0.0010564547430534654;0.0;0.0;0.0
4qFxP3qN9GsnZDOkAE6x2m;1.295856911974316e-80;0.0010564547430534654;0.0;0.0;0.0
5MjcGshMggPgIHinIUDaX0;1.295856911974316e-80;0.0010564547430534654;0.0;0.0;0.0
4UThQDoYdZatw3BH5zZIne;0.0009233844873238332;0.0038818608006792603;0.008870408870408871;0.002079002079002079;0.0
7qX2tW6iLm05L1LtYituJP;1.295856911974316e-80;0.0010564547430534654;0.0;0.0;0.0
65ZxfiilUIYWNEpDjrHaM5;4.4095725719747843e-42;0.0070416841802270905;0.002079002079002079;0.002079002079002079;0.0
6uVeWolwyRDrT84lLsaZyW;1.295856911974316e-80;0.0010564547430534654;0.0;0.0;0.0
0QZqdhoRQkn1VphAa5eX8h;1.295856911974316e-80;0.0010564547430534654;0.0;0.0;0.0
7x0tKz4Dvj0w2As2AecRwY;1.295856911974316e-80;0.0010564547430534654;0.0;0.0;0.0
1Qote9MpqMZluWzYGifZUg;1.295856911974316e-80;0.0010564547430534654;0.0;0.0;0.0
4tgozUQesjxYtNkmFTsW4u;1.295856911974316e-80;0.0010564547430534654;0.0;0.0;0.0
7j9IB7qsV3SnTowBJxKlv7;1.295856911974316e-80;0.0010564547430534654;0.0;0.0;0.0
0QZbl0d87CNgrGgxi0DvkU;0.2137118207952462;0.0037773851390944272;0.010647010647010647;0.002079002079002079;0.0
2qOh4r5EZwTM5DysFv1uvx;1.295856911974316e-80;0.0010564547430534654;0.0;0.0;0.0
6MhYC5TZzVzLKGMEHBC03a;1.295856911974316e-80;0.0010564547430534654;0.0;0.0;0.0
1THUltGSp5hPSXAkls3E53;1.295856911974316e-80;0.0010564547430534654;0.0;0.0;0.0
1qqdO7xMptucPDMopsOdkr;1.094146472752939e-31;0.0054278322571130804;0.002772002772002772;0.002079002079002079;0.0
4APg0sb0hq18e3wr2pkEsV;1.295856911974316e-80;0.0010564547430534654;0.0;0.0;0.0
5ObBtv5VunwwhQaXXnUrsM;1.295856911974316e-80;0.0010564547430534654;0.0;0.0;0.0
7eNSfWxOEWP2B2QQgHGBoo;1.295856911974316e-80;0.0010564547430534654;0.0;0.0;0.0
45YA14pLFuH7tzNlNFJjXn;1.295856911974316e-80;0.0010564547430534654;0.0;0.0;0.0
2tsmSufV0VjpMaoTqQHF30;1.295856911974316e-80;0.0010564547430534654;0.0;0.0;0.0
6xyLXY9zeMhnCbiTzXwENc;1.295856911974316e-80;0.0010564547430534654;0.0;0.0;0.0
5R7K1GezC0jy24v1R2n4x3;1.295856911974316e-80;0.0010564547430534654;0.0;0.0;0.0
6f9zLIMqyEu7abKhGMFr5q;1.295856911974316e-80;0.0010564547430534654;0.0;0.0;0.0
3pIGm1omCcHIb1juBNHspg;1.295856911974316e-80;0.0010564547430534654;0.0;0.0;0.0
1W2Fv4YUnjC8hx2qQd6fGh;1.295856911974316e-80;0.0010564547430534654;0.0;0.0;0.0
2z78AlkdwE2Ghj9EB50M6z;4.4095725719747843e-42;0.0070416841802270905;0.002079002079002079;0.002079002079002079;0.0
2YXZm1KBSZUWj1vvaBiylm;1.094146472752939e-31;0.0054278322571130804;0.002772002772002772;0.002079002079002079;0.0
03HEHGJoLPdARs4nrtUidr;1.295856911974316e-80;0.0010564547430534654;0.0;0.0;0.0
50Lr1puweM1hFsF1LpIZLM;1.295856911974316e-80;0.0010564547430534654;0.0;0.0;0.0
41vHguv5A56arhiVNrMW4z;1.295856911974316e-80;0.0010564547430534654;0.0;0.0;0.0
0V9gYA1mM1zlUk1HKMyb5t;1.295856911974316e-80;0.0010564547430534654;0.0;0.0;0.0
6hLp3QOcALIstV34cAeovh;1.295856911974316e-80;0.0010564547430534654;0.0;0.0;0.0
04UWvFdSYUV4wv6UJ0mARE;0.034122149149275326;0.007851665223051913;0.008569545154911009;0.004158004158004158;0.0
5guNuWdwogRihUk2X98G9n;1.295856911974316e-80;0.0010564547430534654;0.0;0.0;0.0
4kOWvyAkvmkCrIHwW3bODd;1.295856911974316e-80;0.0010564547430534654;0.0;0.0;0.0
3GaVCQ4OFLD0BdrXoCKKh8;1.295856911974316e-80;0.0010564547430534654;0.0;0.0;0.0
3wh2bJMFjWyZA6mHNVxkVa;2.970951701866578e-27;0.004941577012645522;0.0031185031185031187;0.002079002079002079;0.0
25Maank76ry2Tmbi2Ql1SF;1.295856911974316e-80;0.0010564547430534654;0.0;0.0;0.0
3qjW8zyHZuXOAvwl0WJBWm;1.295856911974316e-80;0.0010564547430534654;0.0;0.0;0.0
6XgZ8U5jH9xLfZky7dVYkf;4.4095725719747843e-42;0.0070416841802270905;0.002079002079002079;0.002079002079002079;0.0
1Vjz6xbcJhHF5niFrLWpuX;1.295856911974316e-80;0.0010564547430534654;0.0;0.0;0.0
1BFfeW4Vfd9begOhiwoi1D;1.295856911974316e-80;0.0010564547430534654;0.0;0.0;0.0
485P5SIvkW6RGXaMxxX97B;1.295856911974316e-80;0.0010564547430534654;0.0;0.0;0.0
2eRJjYEaWyGZbOBGYFLBoC;1.295856911974316e-80;0.0010564547430534654;0.0;0.0;0.0
1PJOXqvEZQjdDAV1R5rS07;0.0009233844873238332;0.0038818608006792603;0.008870408870408871;0.002079002079002079;0.0
2r4laJgAlPPuRJTjlhNMZl;1.295856911974316e-80;0.0010564547430534654;0.0;0.0;0.0
166Dz1GX3xonSQ3Z6CQW26;1.295856911974316e-80;0.0010564547430534654;0.0;0.0;0.0
593eIRu2ITrJHKdVjsJ27L;1.295856911974316e-80;0.0010564547430534654;0.0;0.0;0.0
4a9NXVL2Qxsst3B8ezK7nO;1.295856911974316e-80;0.0010564547430534654;0.0;0.0;0.0
7CtuVv4AQbupHTsr3E4d9p;1.295856911974316e-80;0.0010564547430534654;0.0;0.0;0.0
726Dh6A5VyDfAAQxilT6A0;1.295856911974316e-80;0.0010564547430534654;0.0;0.0;0.0
6T8ezxUDPKn5RWz0sgQCkT;1.295856911974316e-80;0.0010564547430534654;0.0;0.0;0.0
14Dt2vDIbAR28uyDzohVlK;1.295856911974316e-80;0.0010564547430534654;0.0;0.0;0.0
42pWilgI9MEZARoTtGHNR4;1.295856911974316e-80;0.0010564547430534654;0.0;0.0;0.0
3YGigudQiWDb5NdJOC5StS;1.295856911974316e-80;0.0010564547430534654;0.0;0.0;0.0
3ao3jf5d70Tf4fPh2bnXVl;1.094146472752939e-31;0.0054278322571130804;0.002772002772002772;0.002079002079002079;0.0
2hThsqaVEAWhWPBXnaOfB9;1.295856911974316e-80;0.0010564547430534654;0.0;0.0;0.0
35C0NSLogAwImm8HAMqEmG;1.295856911974316e-80;0.0010564547430534654;0.0;0.0;0.0
0UKfenbZb15sqhfPC6zbt3;1.295856911974316e-80;0.0010564547430534654;0.0;0.0;0.0
5dHvGxMcTxNlOwUmzzsqs3;1.295856911974316e-80;0.0010564547430534654;0.0;0.0;0.0
7cQ6pfQY4kUt8Auosb67b7;1.295856911974316e-80;0.0010564547430534654;0.0;0.0;0.0
0psfBzxoy44kww4f0YU5c8;1.295856911974316e-80;0.0010564547430534654;0.0;0.0;0.0
0RhwVQewjVG0jHaXtDQaqA;1.295856911974316e-80;0.0010564547430534654;0.0;0.0;0.0
4EENT7N7rCBwrddM3s0vFS;1.295856911974316e-80;0.0010564547430534654;0.0;0.0;0.0
1KqnnHm6UY5FW6UENrzSVX;1.295856911974316e-80;0.0010564547430534654;0.0;0.0;0.0
5iksmHDN2qZQcgFfXqIXtT;1.295856911974316e-80;0.0010564547430534654;0.0;0.0;0.0
53kRF2DbU7dNLQYklttuPA;1.295856911974316e-80;0.0010564547430534654;0.0;0.0;0.0
0P4FkbP57uc9XBnJ9aoA3N;1.295856911974316e-80;0.0010564547430534654;0.0;0.0;0.0
5MWBg16f5UYiaSlyVhzlIW;1.295856911974316e-80;0.0010564547430534654;0.0;0.0;0.0
2QC1cUwDhzT0zdh8ARpB0P;4.4095725719747843e-42;0.0070416841802270905;0.002079002079002079;0.002079002079002079;0.0
22P5BkhcPUCtDGC9laXpDM;1.295856911974316e-80;0.0010564547430534654;0.0;0.0;0.0
0EQ2NcRLJW79hBwdKsQdsC;1.295856911974316e-80;0.0010564547430534654;0.0;0.0;0.0
0cDPcadkOyUUwdmeOWSuS7;1.295856911974316e-80;0.0010564547430534654;0.0;0.0;0.0
31oqOoeYTFXYaENhMINVl8;2.970951701866578e-27;0.004941577012645522;0.0031185031185031187;0.002079002079002079;0.0
2RJWS2Lmkw2uExDmFMe1Ry;1.094146472752939e-31;0.0054278322571130804;0.002772002772002772;0.002079002079002079;0.0
4j0K5gPOQZYpiaz3vc9dzx;1.295856911974316e-80;0.0010564547430534654;0.0;0.0;0.0
5y1C8p8TQLjqH4rOTOtcof;1.295856911974316e-80;0.0010564547430534654;0.0;0.0;0.0
348lIf484jBClhPS9jQbck;1.295856911974316e-80;0.0010564547430534654;0.0;0.0;0.0
7MGAMsgLE6gH957avytBmf;1.295856911974316e-80;0.0010564547430534654;0.0;0.0;0.0
66YGDwn22fjphzqGCSIbbK;1.295856911974316e-80;0.0010564547430534654;0.0;0.0;0.0
7nmCtibxtJAWRoecSc5EPS;1.295856911974316e-80;0.0010564547430534654;0.0;0.0;0.0
064DCrp49CEvO993jYz8h5;1.295856911974316e-80;0.0010564547430534654;0.0;0.0;0.0
3kIdGWio7imoX74L5EEti4;1.295856911974316e-80;0.0010564547430534654;0.0;0.0;0.0
7kpjJld4bA4kTl6jSUfuQa;1.295856911974316e-80;0.0010564547430534654;0.0;0.0;0.0
59dLJG3ZVwkMZLFKByQCJB;1.295856911974316e-80;0.0010564547430534654;0.0;0.0;0.0
4ghjRm4M2vChDfTUycx0Ce;1.295856911974316e-80;0.0010564547430534654;0.0;0.0;0.0
05C3EDw4Rf0qMhrdjFKncL;1.295856911974316e-80;0.0010564547430534654;0.0;0.0;0.0
4NiJW4q9ichVqL1aUsgGAN;1.295856911974316e-80;0.0010564547430534654;0.0;0.0;0.0
54QMjE4toDfiCryzYWCpXX;1.295856911974316e-80;0.0010564547430534654;0.0;0.0;0.0
76NpRNEWMaNdOudixwOPRo;4.4095725719747843e-42;0.0070416841802270905;0.002079002079002079;0.002079002079002079;0.0
7voWN7BzHYsDjd6FPNmv5q;1.295856911974316e-80;0.0010564547430534654;0.0;0.0;0.0
0Fs8ncEYnVSmzepxUocr5n;1.295856911974316e-80;0.0010564547430534654;0.0;0.0;0.0
6NxvUi0HFyft16vYViX9T2;1.295856911974316e-80;0.0010564547430534654;0.0;0.0;0.0
7JmC9U21FiJnZa9lUbUVyJ;1.295856911974316e-80;0.0010564547430534654;0.0;0.0;0.0
1RB4zAOvNQ4RZHMUa3fmK3;1.295856911974316e-80;0.0010564547430534654;0.0;0.0;0.0
6AgAlEkTLN4m5ZERuhiWnk;1.295856911974316e-80;0.0010564547430534654;0.0;0.0;0.0
6AjPiGacexlUKYQ3dePBjv;1.295856911974316e-80;0.0010564547430534654;0.0;0.0;0.0
4iom7VVRU6AHRIu1JUXpLG;1.295856911974316e-80;0.0010564547430534654;0.0;0.0;0.0
0ztG9i9zcB8qQ0wQigbIK4;1.295856911974316e-80;0.0010564547430534654;0.0;0.0;0.0
2FK0OPnng20MwV4TCnm0Ei;1.295856911974316e-80;0.0010564547430534654;0.0;0.0;0.0
3AmWjMXXtBJOmNGpUFSOAl;1.295856911974316e-80;0.0010564547430534654;0.0;0.0;0.0
1nJvji2KIlWSseXRSlNYsC;1.295856911974316e-80;0.0010564547430534654;0.0;0.0;0.0
7qVz2CTVWQynqvLaaxZXw6;1.295856911974316e-80;0.0010564547430534654;0.0;0.0;0.0
0kw7tMniMnrp9Pcr7vgDAm;1.295856911974316e-80;0.0010564547430534654;0.0;0.0;0.0
4DxUbV5Lpg5b8pKbawl2gt;1.295856911974316e-80;0.0010564547430534654;0.0;0.0;0.0
2rmMyZC0sUD1a3jkDxp7iY;1.295856911974316e-80;0.0010564547430534654;0.0;0.0;0.0
4foARo5aSfuIuDLupoxK4k;1.295856911974316e-80;0.0010564547430534654;0.0;0.0;0.0
3nJWBJvK7uGvfp4iZh9CkN;1.295856911974316e-80;0.0010564547430534654;0.0;0.0;0.0
0HlRzJcjY69mM3nW2Xvrzi;1.295856911974316e-80;0.0010564547430534654;0.0;0.0;0.0
6Wr3hh341P84m3EI8qdn9O;1.295856911974316e-80;0.0010564547430534654;0.0;0.0;0.0
2cAXhrWAztXGwk6r15ibW2;1.094146472752939e-31;0.0054278322571130804;0.002772002772002772;0.002079002079002079;0.0
456G65y2Uw68oOkxgGsol2;1.295856911974316e-80;0.0010564547430534654;0.0;0.0;0.0
054P3YpUCLmd6a8HwdWDXE;1.295856911974316e-80;0.0010564547430534654;0.0;0.0;0.0
1oVj9JmPUPg4SQ2uerV2xc;1.295856911974316e-80;0.0010564547430534654;0.0;0.0;0.0
2S3aKvZPRAqP0rdTouFoEl;1.295856911974316e-80;0.0010564547430534654;0.0;0.0;0.0
79qRD2IfSr3pmuYUficMWX;1.295856911974316e-80;0.0010564547430534654;0.0;0.0;0.0
58rIPw8uw8LW01eQH7Mi7m;1.295856911974316e-80;0.0010564547430534654;0.0;0.0;0.0
1x59izw7Q1MpfZyzJpTfb4;1.295856911974316e-80;0.0010564547430534654;0.0;0.0;0.0
2CqEOngQOOMstJupNn6Hmf;1.295856911974316e-80;0.0010564547430534654;0.0;0.0;0.0
21bqtbl8fYtBhJNGFIxGuC;1.295856911974316e-80;0.0010564547430534654;0.0;0.0;0.0
68fqNS5PYq41aHUUtAsCXW;1.295856911974316e-80;0.0010564547430534654;0.0;0.0;0.0
7dxF7y4hlGFazdArMsxbEx;1.796044466024992e-15;0.0044595211032446725;0.005775005775005775;0.002079002079002079;0.0
4bFfSfCBYpFh37ziXCSqUs;1.295856911974316e-80;0.0010564547430534654;0.0;0.0;0.0
6iD5nfYvdSl4fCkcjzs2XF;1.295856911974316e-80;0.0010564547430534654;0.0;0.0;0.0
0t1X1ygK807hH0upA9lYJw;1.295856911974316e-80;0.0010564547430534654;0.0;0.0;0.0
2jlt5Z6VojDVMzSj1JHkcd;1.295856911974316e-80;0.0010564547430534654;0.0;0.0;0.0
1y8nfcBE7BsDPifEWQfFQJ;1.295856911974316e-80;0.0010564547430534654;0.0;0.0;0.0
7Gi708Ix6cns0SGJiZ4tvo;1.295856911974316e-80;0.0010564547430534654;0.0;0.0;0.0
728RoHc1KnzggoepsGWPdk;1.295856911974316e-80;0.0010564547430534654;0.0;0.0;0.0
0zilOJ2Ze0FLrQ76cZQaoc;1.295856911974316e-80;0.0010564547430534654;0.0;0.0;0.0
3ExT45ORJ8pT516HRZbr7G;1.295856911974316e-80;0.0010564547430534654;0.0;0.0;0.0
6xMt0bWYPTHNcCj1zL80VB;0.2137118207952462;0.0037773851390944272;0.010647010647010647;0.002079002079002079;0.0
4caz6Vj1VQmQkDY7ABEhUn;1.295856911974316e-80;0.0010564547430534654;0.0;0.0;0.0
0wsdUS0EJ7zHgti2nxTVWR;1.295856911974316e-80;0.0010564547430534654;0.0;0.0;0.0
5kxLdVkTv7aDHgYzTyTXCu;1.295856911974316e-80;0.0010564547430534654;0.0;0.0;0.0
6NB4b8lltHCjOhW7vQZkAy;1.295856911974316e-80;0.0010564547430534654;0.0;0.0;0.0
1HCyaDHRTPjT121LtHkxvI;0.24444359610977584;0.006837463254482357;0.014054054054054054;0.004158004158004158;0.0
6y4bvr8bJvqFuOzG6FcABb;1.295856911974316e-80;0.0010564547430534654;0.0;0.0;0.0
1gxMGcOkEdXmUSjmCPZYpZ;1.295856911974316e-80;0.0010564547430534654;0.0;0.0;0.0
2W0kFBz6nHARNF7A5KlWYG;1.295856911974316e-80;0.0010564547430534654;0.0;0.0;0.0
3iLM9tkogCRKgRYYbt8tvN;1.295856911974316e-80;0.0010564547430534654;0.0;0.0;0.0
2IjP5j9lDn74NHhDi9mfSt;1.295856911974316e-80;0.0010564547430534654;0.0;0.0;0.0
0nw0MpJdyzg9pxjwNM0c4b;1.295856911974316e-80;0.0010564547430534654;0.0;0.0;0.0
6bUJpbekaIlq2fT5FMV2mQ;1.295856911974316e-80;0.0010564547430534654;0.0;0.0;0.0
3FsSVftcI1h7LpH1NYI5nS;1.295856911974316e-80;0.0010564547430534654;0.0;0.0;0.0
6ktA5kVUhTFcKAUHnRaZ5s;1.295856911974316e-80;0.0010564547430534654;0.0;0.0;0.0
7pwjGKaqnfkvS7eQbHaqyH;1.295856911974316e-80;0.0010564547430534654;0.0;0.0;0.0
1PH7LtTLFyoZUEa7B64pws;1.295856911974316e-80;0.0010564547430534654;0.0;0.0;0.0
1369EOxSlL69yV9Yp1nVaR;1.295856911974316e-80;0.0010564547430534654;0.0;0.0;0.0
0epxOSa43ISkbsr3w2KOxr;1.295856911974316e-80;0.0010564547430534654;0.0;0.0;0.0
61jq0F04ecataLAuDADgnF;1.295856911974316e-80;0.0010564547430534654;0.0;0.0;0.0
0ZDycmbZQKFaCzfQtnu3hS;1.295856911974316e-80;0.0010564547430534654;0.0;0.0;0.0
4wLIbcoqmqI4WZHDiBxeCB;1.295856911974316e-80;0.0010564547430534654;0.0;0.0;0.0
2fBURuq7FrlH6z5F92mpOl;1.295856911974316e-80;0.0010564547430534654;0.0;0.0;0.0
12vN2Dsop9hTkjq5Xr3mf3;1.295856911974316e-80;0.0010564547430534654;0.0;0.0;0.0
5KQMtyPE8DCQNUzoNqlEsE;1.295856911974316e-80;0.0010564547430534654;0.0;0.0;0.0
3V4IvzRQYP5mzuVtkcHgVa;1.295856911974316e-80;0.0010564547430534654;0.0;0.0;0.0
2qHnKMLHXcnDjd7EgRxZ24;1.295856911974316e-80;0.0010564547430534654;0.0;0.0;0.0
2Ucnh6v3XW09mHH2C65EIJ;1.295856911974316e-80;0.0010564547430534654;0.0;0.0;0.0
6XjXff8FNS5CqpF8dVAtoo;1.295856911974316e-80;0.0010564547430534654;0.0;0.0;0.0
6YHfq8Pg3lZPo1u0PaQ8ob;1.295856911974316e-80;0.0010564547430534654;0.0;0.0;0.0
09Z3SI4GkhYjpCB6884vC8;1.295856911974316e-80;0.0010564547430534654;0.0;0.0;0.0
7HM4SoDuMxfYgPJaSWVZTC;1.295856911974316e-80;0.0010564547430534654;0.0;0.0;0.0
6Mq5I5MWmCdCwurNlujtUj;1.295856911974316e-80;0.0010564547430534654;0.0;0.0;0.0
11xRVFTsfUOVt4vSVX865Q;1.295856911974316e-80;0.0010564547430534654;0.0;0.0;0.0
3fAOHLQFOdGa6aWkCDQw9d;1.295856911974316e-80;0.0010564547430534654;0.0;0.0;0.0
0QJKELJZZuLAjqLOOixJm5;1.295856911974316e-80;0.0010564547430534654;0.0;0.0;0.0
2Kw2smJMCoi6mk6KbscZG1;1.295856911974316e-80;0.0010564547430534654;0.0;0.0;0.0
2VncuOnbu33ZgDUIgX3uHd;1.295856911974316e-80;0.0010564547430534654;0.0;0.0;0.0
3EhbVgyfGd7HkpsagwL9GS;1.295856911974316e-80;0.0010564547430534654;0.0;0.0;0.0
7rWuyGabaLQSmsHpZJkMzx;1.295856911974316e-80;0.0010564547430534654;0.0;0.0;0.0
4zLti6k7kpm9jwOVJv7wtT;0.2137118207952462;0.0037773851390944272;0.010647010647010647;0.002079002079002079;0.0
7wWPn0P8J2ufRv5AlfvvUT;1.295856911974316e-80;0.0010564547430534654;0.0;0.0;0.0
2jIi1ZCbfafOFnJKumtlFB;4.4095725719747843e-42;0.0070416841802270905;0.002079002079002079;0.002079002079002079;0.0
4VnECM6avO6XogtNebPh0M;1.295856911974316e-80;0.0010564547430534654;0.0;0.0;0.0
0BntHNt56FCbTMjSWq2iIG;1.295856911974316e-80;0.0010564547430534654;0.0;0.0;0.0
3YRLUjgMJ1xg1TIcknIxlv;1.295856911974316e-80;0.0010564547430534654;0.0;0.0;0.0
6SiyKSeJo6gcsS2NvuAbsl;1.295856911974316e-80;0.0010564547430534654;0.0;0.0;0.0
6keuCA49b9am8lisSodCh7;1.295856911974316e-80;0.0010564547430534654;0.0;0.0;0.0
5R5MLOQbI4lb7GHYioPqoN;1.295856911974316e-80;0.0010564547430534654;0.0;0.0;0.0
2IkTGThCeQAPGMru4uXzs4;4.277394141898786e-12;0.0039249588356731245;0.005197505197505198;0.002079002079002079;0.0
2XrNRNN0hjf3OLzetWqsyR;1.295856911974316e-80;0.0010564547430534654;0.0;0.0;0.0
1ddbFlSqbqp2vuJd5CuRcE;1.796044466024992e-15;0.0044595211032446725;0.005775005775005775;0.002079002079002079;0.0
7I7f2RxGlWM6AQ1ru5S1sg;1.295856911974316e-80;0.0010564547430534654;0.0;0.0;0.0
5aYyPjAsLj7UzANzdupwnS;1.295856911974316e-80;0.0010564547430534654;0.0;0.0;0.0
45Qb1r37CvYG7pYPzqL6Nf;1.295856911974316e-80;0.0010564547430534654;0.0;0.0;0.0
4ERtgeBbWRkFzIz6LaFCeY;1.295856911974316e-80;0.0010564547430534654;0.0;0.0;0.0
0IwlY33zbBXN7zlS9DP2Cj;1.295856911974316e-80;0.0010564547430534654;0.0;0.0;0.0
0Tcr6t5uyvDgOuNPCD36A3;1.295856911974316e-80;0.0010564547430534654;0.0;0.0;0.0
6EwC0Bw0mA6AZPVnmT8xzf;1.295856911974316e-80;0.0010564547430534654;0.0;0.0;0.0
2qlAMLpUyBjZgnzuFXXZXI;1.295856911974316e-80;0.0010564547430534654;0.0;0.0;0.0
4XKh5jfRDEwgI8YKxcDU6w;0.0009233844873238332;0.0038818608006792603;0.008870408870408871;0.002079002079002079;0.0
4o0pNHbyj36LPvukNqEug0;1.295856911974316e-80;0.0010564547430534654;0.0;0.0;0.0
17BSQUEFfC8mMebIVsarUi;4.277394141898786e-12;0.0039249588356731245;0.005197505197505198;0.002079002079002079;0.0
6A7htZkZaZB8jffHz3asyz;1.796044466024992e-15;0.0044595211032446725;0.005775005775005775;0.002079002079002079;0.0
7LBwVPl8kIn3I949KmBVim;0.0307317753145296;0.004116532858441395;0.008170961659333752;0.002079002079002079;0.0
1KaaogmGXWK1Qi3WR81Tmi;1.295856911974316e-80;0.0010564547430534654;0.0;0.0;0.0
71c9ORC5hHt0J1TGCa5nxN;0.2137118207952462;0.0037773851390944272;0.010647010647010647;0.002079002079002079;0.0
4pPZ7nNH108ax8A1sjxfpX;1.295856911974316e-80;0.0010564547430534654;0.0;0.0;0.0
2aktO5BylGjqeRVhkSgl2e;0.2137118207952462;0.0037773851390944272;0.010647010647010647;0.002079002079002079;0.0
5dHiMa4plm9Svg4TWFAYW9;1.295856911974316e-80;0.0010564547430534654;0.0;0.0;0.0
60eT7q88iLWKnuSXed1AGr;1.295856911974316e-80;0.0010564547430534654;0.0;0.0;0.0
2squZ8HjM4AzR0j6jsPn4a;1.295856911974316e-80;0.0010564547430534654;0.0;0.0;0.0
0fiNNq0GEu0tatdHdjpFXy;1.295856911974316e-80;0.0010564547430534654;0.0;0.0;0.0
5A3zjBmNmFCXZbodflKczR;1.295856911974316e-80;0.0010564547430534654;0.0;0.0;0.0
1xfQ2Xz50S0H5btFc1sXRs;1.295856911974316e-80;0.0010564547430534654;0.0;0.0;0.0
7I95CM75shzCjHuTzrepjM;1.295856911974316e-80;0.0010564547430534654;0.0;0.0;0.0
2IPxuvmInKIK05KRnk8ufQ;1.295856911974316e-80;0.0010564547430534654;0.0;0.0;0.0
5RgEBlZV41hfY0KgUDiQvy;7.97891467171247e-12;0.006803951776705876;0.006496881496881497;0.004158004158004158;1.0
2A09V0kHlETOFfT8Hz8oba;4.4095725719747843e-42;0.0070416841802270905;0.002079002079002079;0.002079002079002079;0.0
3gdbcIdNypBsYNu3iiCjtN;1.295856911974316e-80;0.0010564547430534654;0.0;0.0;0.0
1WfWKF1hFimJLzz6ix6aRi;1.295856911974316e-80;0.0010564547430534654;0.0;0.0;0.0
4AZYzoCpKRvq0EK96tU1MT;1.295856911974316e-80;0.0010564547430534654;0.0;0.0;0.0
1uV8Ulgcr9oSFvL05MYJ3C;0.0009233844873238332;0.0038818608006792603;0.008870408870408871;0.002079002079002079;0.0
4HsBBgi3DDsy0w29W5yevl;1.295856911974316e-80;0.0010564547430534654;0.0;0.0;0.0
6vGzPITjy7QcOKdqfGGOpZ;1.094146472752939e-31;0.0054278322571130804;0.002772002772002772;0.002079002079002079;0.0
7HWfshpjlGldmRa4gymvjX;1.295856911974316e-80;0.0010564547430534654;0.0;0.0;0.0
3v4feUQnU3VEUqFrjmtekL;1.295856911974316e-80;0.0010564547430534654;0.0;0.0;0.0
7v3ZMFl1E6X4isdEaOSnk3;1.295856911974316e-80;0.0010564547430534654;0.0;0.0;0.0
24WD4syZasIzg6XVENc0FD;1.295856911974316e-80;0.0010564547430534654;0.0;0.0;0.0
2tGIh9kwbXuko0z3BTldBx;1.295856911974316e-80;0.0010564547430534654;0.0;0.0;0.0
1zTAQ6zkGz2L2i6lfR30EX;1.295856911974316e-80;0.0010564547430534654;0.0;0.0;0.0
0A7d0PJxaLO7CGI94ht6PX;1.295856911974316e-80;0.0010564547430534654;0.0;0.0;0.0
0u5LMlVeRfZZuh2Nxowii4;1.295856911974316e-80;0.0010564547430534654;0.0;0.0;0.0
6GWciujSDoDzAAEcDp48sp;1.295856911974316e-80;0.0010564547430534654;0.0;0.0;0.0
1m24736Bdew1oQVxTePOCo;1.295856911974316e-80;0.0010564547430534654;0.0;0.0;0.0
3GzWhE2xadJiW8MqRKIVSK;1.094146472752939e-31;0.0054278322571130804;0.002772002772002772;0.002079002079002079;0.0
3u2R8st1bb6zfBqNWceRXG;1.295856911974316e-80;0.0010564547430534654;0.0;0.0;0.0
4Hd6YVOqb9CQ3tFUug9P7P;1.295856911974316e-80;0.0010564547430534654;0.0;0.0;0.0
3nHcCMEu0wRtq2nossoqGO;1.295856911974316e-80;0.0010564547430534654;0.0;0.0;0.0
0b4b6mGCboX1d2PFrGFshE;1.295856911974316e-80;0.0010564547430534654;0.0;0.0;0.0
7EFB09NxZrMi9pGlOnuBpd;1.295856911974316e-80;0.0010564547430534654;0.0;0.0;0.0
4BhT2kzu66bSQeK1NId7OH;1.295856911974316e-80;0.0010564547430534654;0.0;0.0;0.0
52la6ts4higk3sqyFC3aTg;1.295856911974316e-80;0.0010564547430534654;0.0;0.0;0.0
4XDgrFkzSyLV1QRuKJCyN1;1.295856911974316e-80;0.0010564547430534654;0.0;0.0;0.0
244uLu9lkdw39BJwlul3k8;1.295856911974316e-80;0.0010564547430534654;0.0;0.0;0.0
5Kfdak2p6fTCc8zx32B0lC;0.0013850767309857499;0.006750245278333783;0.009504009504009503;0.004158004158004158;1.0
4ZtBx6rfSEXaqAgUWjCip6;1.295856911974316e-80;0.0010564547430534654;0.0;0.0;0.0
5Ul6r5lUSOraWUidNnsILZ;1.295856911974316e-80;0.0010564547430534654;0.0;0.0;0.0
4sFfyLhOZblb7n0BhJWD4J;1.295856911974316e-80;0.0010564547430534654;0.0;0.0;0.0
6fFb2Kj5LLrsKHLTOLgsxf;1.295856911974316e-80;0.0010564547430534654;0.0;0.0;0.0
0Mc1RdR7nqk1S2DHapXJhl;1.295856911974316e-80;0.0010564547430534654;0.0;0.0;0.0
7yjnZ3eibFQRN65u1syJZg;3.7015205298136835e-12;0.003935447684086216;0.004725004725004725;0.002079002079002079;0.0
77BTkRyyefeKvcnFzhfdp2;1.295856911974316e-80;0.0010564547430534654;0.0;0.0;0.0
4wFsuF6DLtYwxLzPuhoHmh;1.295856911974316e-80;0.0010564547430534654;0.0;0.0;0.0
6Y00vC4OI2oTt5ClApQXun;1.295856911974316e-80;0.0010564547430534654;0.0;0.0;0.0
1m2wYIvVYvhEnvdaOJbIfT;1.295856911974316e-80;0.0010564547430534654;0.0;0.0;0.0
7eocs27Q2bcFRwcREaQNSF;1.295856911974316e-80;0.0010564547430534654;0.0;0.0;0.0
05JI76GAuZpyhT7W9y54Ut;1.295856911974316e-80;0.0010564547430534654;0.0;0.0;0.0
03H5nr2bw0gPHj4lRJCUzD;1.295856911974316e-80;0.0010564547430534654;0.0;0.0;0.0
4rOBmdIdNqYrYSRea6iYrh;1.094146472752939e-31;0.0054278322571130804;0.002772002772002772;0.002079002079002079;0.0
7Grm5oOsWRabcCUnX4bqci;1.295856911974316e-80;0.0010564547430534654;0.0;0.0;0.0
6DFJfhZxwWe1yKQvRDJmdl;1.295856911974316e-80;0.0010564547430534654;0.0;0.0;0.0
1HCdPZB0ypEcpDo4T55sMi;1.295856911974316e-80;0.0010564547430534654;0.0;0.0;0.0
5bmJZXbSwMfcTaB3hSnkhx;1.295856911974316e-80;0.0010564547430534654;0.0;0.0;0.0
0jTxx2hxalfA7qrHAItwH7;1.295856911974316e-80;0.0010564547430534654;0.0;0.0;0.0
7xZHrltZh8zIRvjimgABvj;1.295856911974316e-80;0.0010564547430534654;0.0;0.0;0.0
40HeNm05FEAxGx8gUOV4my;1.295856911974316e-80;0.0010564547430534654;0.0;0.0;0.0
47U0TDHIE1H5t78HNVgR0M;1.295856911974316e-80;0.0010564547430534654;0.0;0.0;0.0
0vYkHhJ48Bs3jWcvZXvOrP;1.295856911974316e-80;0.0010564547430534654;0.0;0.0;0.0
0FWzNDaEu9jdgcYTbcOa4F;1.295856911974316e-80;0.0010564547430534654;0.0;0.0;0.0
23z00NPQmiYxmpZSiDlQAE;0.2137118207952462;0.0037773851390944272;0.010647010647010647;0.002079002079002079;0.0
6uljULAp34CZrrwTVhImVH;0.3120855932949266;0.0065682030807977755;0.01097972972972973;0.004158004158004158;1.0
4uIDwHKFKJQiY8aLttzFUh;4.4095725719747843e-42;0.0070416841802270905;0.002079002079002079;0.002079002079002079;0.0
3iqfiMKG1Qp35bRjj03sb1;1.295856911974316e-80;0.0010564547430534654;0.0;0.0;0.0
0ILEjQuglCTYQkTrKGQvj5;1.295856911974316e-80;0.0010564547430534654;0.0;0.0;0.0
0pwyD6DhbFWn8uVSz2Fr0w;1.094146472752939e-31;0.0054278322571130804;0.002772002772002772;0.002079002079002079;0.0
0RUEHcBiENFEqxgicqS2ig;1.295856911974316e-80;0.0010564547430534654;0.0;0.0;0.0
0X380XXQSNBYuleKzav5UO;1.295856911974316e-80;0.0010564547430534654;0.0;0.0;0.0
34uFdl5yMIlw9cZWzuZ9Yd;1.295856911974316e-80;0.0010564547430534654;0.0;0.0;0.0
7sIPqgvtteNEJx6ndabJhA;1.295856911974316e-80;0.0010564547430534654;0.0;0.0;0.0
2SVw939fwuqSobLjF8u78b;1.295856911974316e-80;0.0010564547430534654;0.0;0.0;0.0
2h2frsYL6pssri5AZdlMUU;1.295856911974316e-80;0.0010564547430534654;0.0;0.0;0.0
7If6MttSgSBYMLaUnmW5ze;1.295856911974316e-80;0.0010564547430534654;0.0;0.0;0.0
421A23lYymEUE6SozCfWbr;1.796044466024992e-15;0.0044595211032446725;0.005775005775005775;0.002079002079002079;0.0
5KoVU9joRqymV7KBgpnAgj;1.796044466024992e-15;0.0044595211032446725;0.005775005775005775;0.002079002079002079;0.0
5VjRKAwMi363o2WQ7D509J;1.295856911974316e-80;0.0010564547430534654;0.0;0.0;0.0
0M3LK8CPC8luVRntRVHwAp;1.295856911974316e-80;0.0010564547430534654;0.0;0.0;0.0
6jTnHxhb6cDCaCu4rdvsQ0;1.295856911974316e-80;0.0010564547430534654;0.0;0.0;0.0
24XtlMhEMNdi822vi0MhY1;1.295856911974316e-80;0.0010564547430534654;0.0;0.0;0.0
1e7ePqINXwh9BthP2XQOox;1.295856911974316e-80;0.0010564547430534654;0.0;0.0;0.0
3oPwoe9wGN7oRshVQYHJWU;1.295856911974316e-80;0.0010564547430534654;0.0;0.0;0.0
51J0q8S7W3kIEYHQi3EPqk;1.295856911974316e-80;0.0010564547430534654;0.0;0.0;0.0
27M9shmwhIjRo7WntpT9Rp;1.295856911974316e-80;0.0010564547430534654;0.0;0.0;0.0
72o2T9aqYR2PFNYpzYrMmw;4.4095725719747843e-42;0.0070416841802270905;0.002079002079002079;0.002079002079002079;0.0
33EUXrFKGjpUSGacqEHhU4;4.4095725719747843e-42;0.0070416841802270905;0.002079002079002079;0.002079002079002079;0.0
09rLA0cKyHsr41JVjhgJ2O;1.295856911974316e-80;0.0010564547430534654;0.0;0.0;0.0
2S5OOMthdyp3Qu4IbTGAQ3;1.295856911974316e-80;0.0010564547430534654;0.0;0.0;0.0
6NTX7EIJQEEUMPIBdYpzhs;1.295856911974316e-80;0.0010564547430534654;0.0;0.0;0.0
3oZozYd18SKf2a7Dg9Cd2V;1.295856911974316e-80;0.0010564547430534654;0.0;0.0;0.0
3AXDXD5zXzg1Y3UO1peVPq;1.295856911974316e-80;0.0010564547430534654;0.0;0.0;0.0
1l2oLiukA9i5jEtIyNWIEP;1.295856911974316e-80;0.0010564547430534654;0.0;0.0;0.0
4iCXhwhRhgWLl57sj9hhbY;1.295856911974316e-80;0.0010564547430534654;0.0;0.0;0.0
1OgaghfYd1qr8DFoNrfDNk;1.295856911974316e-80;0.0010564547430534654;0.0;0.0;0.0
2K13AVg3bFpHSxDM1vJ0qA;1.295856911974316e-80;0.0010564547430534654;0.0;0.0;0.0
60sTLtD4leMUjSAw3IWzNd;1.295856911974316e-80;0.0010564547430534654;0.0;0.0;0.0
2HpRYIAV2aNcCwnWSORZ8e;1.295856911974316e-80;0.0010564547430534654;0.0;0.0;0.0
7znL32O79uRRRhojT25gug;1.295856911974316e-80;0.0010564547430534654;0.0;0.0;0.0
1vLVhyvTemQZ6bd5oY1Fql;1.295856911974316e-80;0.0010564547430534654;0.0;0.0;0.0
74ycentHh1YZrW5x4PLnox;1.295856911974316e-80;0.0010564547430534654;0.0;0.0;0.0
20vuBdFblWUo2FCOvUzusB;1.295856911974316e-80;0.0010564547430534654;0.0;0.0;0.0
4P70aqttdpJ9vuYFDmf7f6;1.295856911974316e-80;0.0010564547430534654;0.0;0.0;0.0
2bs3QE2ZMBjmb0QTqAjCj3;1.295856911974316e-80;0.0010564547430534654;0.0;0.0;0.0
0LjKl7QoB5xsk3Mk0mYVH1;1.295856911974316e-80;0.0010564547430534654;0.0;0.0;0.0
1Fmb52lZ6Jv7FMWXXTPO3K;1.295856911974316e-80;0.0010564547430534654;0.0;0.0;0.0
4Pi85oI4dmppSqROLj7rgy;1.295856911974316e-80;0.0010564547430534654;0.0;0.0;0.0
1oJolWh3meHLWUcyIijst7;1.295856911974316e-80;0.0010564547430534654;0.0;0.0;0.0
2h3ooJn8m8X8cL2g1BZ1Rd;1.295856911974316e-80;0.0010564547430534654;0.0;0.0;0.0
7xklw3WodFZiNNmQt3DIgp;1.295856911974316e-80;0.0010564547430534654;0.0;0.0;0.0
0sde8hCXe4RhPihKuFmxhk;1.295856911974316e-80;0.0010564547430534654;0.0;0.0;0.0
3iSYxEandRd7lJSmxWHXkk;1.295856911974316e-80;0.0010564547430534654;0.0;0.0;0.0
5t81Dbcvlm5J7YP7cI2kae;1.295856911974316e-80;0.0010564547430534654;0.0;0.0;0.0
6nERtAtoT2brOrRMb2Iwat;1.295856911974316e-80;0.0010564547430534654;0.0;0.0;0.0
72acCeElLYGL9nBHcZzX1h;1.295856911974316e-80;0.0010564547430534654;0.0;0.0;0.0
4T01AXq67OdpoYhTZY3FbR;1.295856911974316e-80;0.0010564547430534654;0.0;0.0;0.0
3iveSsIHvm1TAWhJRJ2z58;1.295856911974316e-80;0.0010564547430534654;0.0;0.0;0.0
2ueOf2DURSDcUFfwsazDIE;1.295856911974316e-80;0.0010564547430534654;0.0;0.0;0.0
4dGVRIf2xj0JhawVheLiOI;1.295856911974316e-80;0.0010564547430534654;0.0;0.0;0.0
3WPKDlucMsXH6FC1XaclZC;1.295856911974316e-80;0.0010564547430534654;0.0;0.0;0.0
1gkSl4XpHIHI4I1WQbfXOE;1.295856911974316e-80;0.0010564547430534654;0.0;0.0;0.0
4yDPb3OZn2mlzSFvlvyefl;1.295856911974316e-80;0.0010564547430534654;0.0;0.0;0.0
4AAXAVOZ3fw7M8ILLrKLvs;1.295856911974316e-80;0.0010564547430534654;0.0;0.0;0.0
7tgngr8zx8u0079GQ8dwMh;1.295856911974316e-80;0.0010564547430534654;0.0;0.0;0.0
7Gas5IrI1Y8PSrJPyRkwtC;1.295856911974316e-80;0.0010564547430534654;0.0;0.0;0.0
