node;betweenness;degree;closeness;pagerank;eigenvector;clustering_coeffs
4Lm0pUvmisUHMdoky5ch2I;0.000659152330103487;0.015384615384615385;0.01605351170568562;0.02117900971114912;2.5878224567671075e-18;0.0
0rEuaTPLMhlViNCJrg3NEH;0.0;0.0;0.0;0.0010567106243696747;2.3234506687775837e-158;0.0
27T030eWyCQRmDyuvr1kxY;0.0;0.0;0.0;0.0010567106243696747;2.3234506687775837e-158;0.0
2UOVgpgiNTC6KK0vSC77aD;0.0;0.0;0.0;0.0010567106243696747;2.3234506687775837e-158;0.0
1db5TWniHR7iqwXer7AiQ2;3.9549139806209216e-05;0.007692307692307693;0.007692307692307693;0.01352456589114292;8.575341939208878e-48;0.0
7cnrSIu2CDgWOMnfQEx0Pg;0.0;0.0;0.0;0.0010567106243696747;2.3234506687775837e-158;0.0
6OPsyrpJLYcCZUEhWIEsep;0.0;0.0;0.0;0.0010567106243696747;2.3234506687775837e-158;0.0
2hhLQDmEJqObRlCHWbyeQF;0.0;0.0;0.0;0.0010567106243696747;2.3234506687775837e-158;0.0
5deRBvKxJssHVa9n6B7tWV;0.0;0.0;0.0;0.0010567106243696747;2.3234506687775837e-158;0.0
5QeGMmMBYG14aeTzkVny1l;0.0;0.0;0.0;0.0010567106243696747;2.3234506687775837e-158;0.0
5gRumjUBK1fHfuOlQxspJ9;0.0;0.0;0.0;0.0010567106243696747;2.3234506687775837e-158;0.0
00tVTdpEhQQw1bqdu8RCx2;0.0;0.002564102564102564;0.002564102564102564;0.007044732521017222;3.3629650897199496e-82;0.0
7jy3rLJdDQY21OgRLCZ9sD;0.0;0.0;0.0;0.0010567106243696747;2.3234506687775837e-158;0.0
52krZkLn1qitIAHIeoji07;0.0;0.0;0.0;0.0010567106243696747;2.3234506687775837e-158;0.0
3YcBF2ttyueytpXtEzn1Za;0.0;0.0;0.0;0.0010567106243696747;2.3234506687775837e-158;0.0
3NOlXM7t15vx8M9hwmQc9L;0.0;0.002564102564102564;0.002564102564102564;0.007044732521017222;3.3629650897199496e-82;0.0
2MqhkhX4npxDZ62ObR5ELO;0.0;0.0;0.0;0.0010567106243696747;2.3234506687775837e-158;0.0
2NPduAUeLVsfIauhRwuft1;0.0;0.0;0.0;0.0010567106243696747;2.3234506687775837e-158;0.0
3eBlbhY21Q1L6xwbVMCQa1;0.0;0.0;0.0;0.0010567106243696747;2.3234506687775837e-158;0.0
07XSN3sPlIlB2L2XNcTwJw;0.0;0.0;0.0;0.0010567106243696747;2.3234506687775837e-158;0.0
0L8ExT028jH3ddEcZwqJJ5;0.0;0.0;0.0;0.0010567106243696747;2.3234506687775837e-158;0.0
1Ffb6ejR6Fe5IamqA5oRUF;1.3183046602069738e-05;0.005128205128205128;0.005128205128205128;0.010284649206080071;1.950417280867124e-61;0.0
0cc6vw3VN8YlIcvr1v7tBL;0.00022411179223518556;0.010256410256410256;0.014781297134238309;0.011388391252785478;0.327840111138498;0.0
05fG473iIaoy82BF1aGhL8;0.0;0.0;0.0;0.0010567106243696747;2.3234506687775837e-158;0.0
4DZ5WAz204QjKXcZVPAARX;6.59152330103487e-05;0.010256410256410256;0.010256410256410256;0.013601187063613395;1.2616876559717833e-25;0.16666666666666666
2cnMpRsOVqtPMfq7YiFE6K;0.0;0.0;0.0;0.0010567106243696747;2.3234506687775837e-158;0.0
2xiIXseIJcq3nG7C8fHeBj;0.0;0.002564102564102564;0.010859728506787332;0.004054614200403362;1.0078425007772433e-18;0.0
4VrqQQy6X0hlMtqY5gp6Wx;0.0;0.0;0.0;0.0010567106243696747;2.3234506687775837e-158;0.0
3RNrq3jvMZxD9ZyoOZbQOD;0.0004877727242765803;0.010256410256410256;0.013675213675213675;0.014444824271519609;1.0719111586065985e-18;0.0
3TOqt5oJwL9BE2NG9MEwDa;0.0;0.002564102564102564;0.002564102564102564;0.007044732521017222;3.3629650897199496e-82;0.0
6ZLTlhejhndI4Rh53vYhrY;0.0002636609320413948;0.005128205128205128;0.014497041420118343;0.007726702054540759;0.00027567815631577305;0.0
76ptJV8617638xrpeoUtzl;0.0001450135126227671;0.005128205128205128;0.011538461538461539;0.0077533322286424565;1.1880393574267367e-18;0.0
5LfGQac0EIXyAN8aUwmNAQ;0.0;0.0;0.0;0.0010567106243696747;2.3234506687775837e-158;0.0
5SaDyTQkjAAdrsmhPzrmw2;0.0;0.0;0.0;0.0010567106243696747;2.3234506687775837e-158;0.0
0r9Q7acXxkDPoqfRfAb9Aw;0.0;0.002564102564102564;0.002564102564102564;0.007044732521017222;3.3629650897199496e-82;0.0
5fO16dsHVrojWL2mPzcdpq;0.0;0.005128205128205128;0.006837606837606838;0.006864278461365917;9.395085036163116e-26;1.0
2LBteY4vnSD2zKwAgzOijB;0.0;0.0;0.0;0.0010567106243696747;2.3234506687775837e-158;0.0
6gZq1Q6bdOxsUPUG1TaFbF;0.0;0.0;0.0;0.0010567106243696747;2.3234506687775837e-158;0.0
5r1bdqzhgRoHC3YcCV6N5a;0.0;0.0;0.0;0.0010567106243696747;2.3234506687775837e-158;0.0
41nB823nb3wxEI25UeGHqG;0.0;0.0;0.0;0.0010567106243696747;2.3234506687775837e-158;0.0
2ziB7fzrXBoh1HUPS6sVFn;0.0;0.0;0.0;0.0010567106243696747;2.3234506687775837e-158;0.0
6XyY86QOPPrYVGvF9ch6wz;0.00017137960582690659;0.005128205128205128;0.011168091168091168;0.007491558835004072;0.06289065271296136;0.0
1WNoKxsp715jez1Td4vthc;0.00036912530485795267;0.020512820512820513;0.020512820512820513;0.02972414931645719;1.419976459141844e-10;0.0
1Yox196W7bzVNZI7RBaPnf;1.3183046602069738e-05;0.005128205128205128;0.005128205128205128;0.010284649206080071;1.950417280867124e-61;0.0
6w7j5wQ5AI5OQYlcM15s2L;0.0;0.0;0.0;0.0010567106243696747;2.3234506687775837e-158;0.0
2w6slVluzWlwADP8aB5yz5;0.0;0.0;0.0;0.0010567106243696747;2.3234506687775837e-158;0.0
3L58J6a7f0jyy2p6f3MSAs;0.0;0.0;0.0;0.0010567106243696747;2.3234506687775837e-158;0.0
4Eqd24yS5YcxI8b6Xfuwr8;0.0;0.0;0.0;0.0010567106243696747;2.3234506687775837e-158;0.0
5eAWCfyUhZtHHtBdNk56l1;0.0;0.0;0.0;0.0010567106243696747;2.3234506687775837e-158;0.0
4uN3DsfENc7dp0OLO0FEIb;0.0;0.0;0.0;0.0010567106243696747;2.3234506687775837e-158;0.0
2KaW48xlLnXC2v8tvyhWsa;0.0;0.002564102564102564;0.002564102564102564;0.007044732521017222;3.3629650897199496e-82;0.0
57ylwQTnFnIhJh4nu4rxCs;0.0;0.0;0.0;0.0010567106243696747;2.3234506687775837e-158;0.0
165ZgPlLkK7bf5bDoFc6Sb;0.0;0.002564102564102564;0.007855973813420621;0.004400341504225498;1.9165199050393807e-19;0.0
6GbCJZrI318Ybm8mY36Of5;0.0;0.0;0.0;0.0010567106243696747;2.3234506687775837e-158;0.0
4pejUc4iciQfgdX6OKulQn;0.0;0.0;0.0;0.0010567106243696747;2.3234506687775837e-158;0.0
2qcGTB5s2t9o2w9SrI719s;0.0;0.0;0.0;0.0010567106243696747;2.3234506687775837e-158;0.0
5M52tdBnJaKSvOpJGz8mfZ;0.0;0.002564102564102564;0.011538461538461539;0.00434329705379633;8.916629725539896e-05;0.0
7ig8pUnno95YNA9MclOveH;0.0;0.0;0.0;0.0010567106243696747;2.3234506687775837e-158;0.0
0L5fC7Ogm2YwgqVCRcF1bT;0.0;0.002564102564102564;0.002564102564102564;0.007044732521017222;3.3629650897199496e-82;0.0
5PokPZn11xzZXyXSfnvIM3;0.0;0.0;0.0;0.0010567106243696747;2.3234506687775837e-158;0.0
4RddZ3iHvSpGV4dvATac9X;0.00027025245534242963;0.010256410256410256;0.017329796640141466;0.011282050939251916;0.4138132525401859;0.16666666666666666
7MkCEt5JSHsRTj93L0X389;0.0;0.0;0.0;0.0010567106243696747;2.3234506687775837e-158;0.0
0qc4X567Fs1DUbQ7bS2XSJ;0.0;0.0;0.0;0.0010567106243696747;2.3234506687775837e-158;0.0
49bzE5vRBRIota4qeHtQM8;0.0;0.0;0.0;0.0010567106243696747;2.3234506687775837e-158;0.0
0nmQIMXWTXfhgOBdNzhGOs;0.0;0.0;0.0;0.0010567106243696747;2.3234506687775837e-158;0.0
6n5H1tB4XabSOpWtIbtnzv;0.0;0.0;0.0;0.0010567106243696747;2.3234506687775837e-158;0.0
1Xz8iP9Dvl5uI88iraOhs7;0.0;0.0;0.0;0.0010567106243696747;2.3234506687775837e-158;0.0
7dOBabd5O4CvKrg4iriHTM;0.0;0.0;0.0;0.0010567106243696747;2.3234506687775837e-158;0.0
0CEFCo8288kQU7mJi25s6E;0.0007316590864148704;0.015384615384615385;0.020102564102564103;0.0170722548403822;0.5097335800501535;0.06666666666666667
2I5ZkGFj7RYeIBjV4dFlWn;0.0;0.0;0.0;0.0010567106243696747;2.3234506687775837e-158;0.0
1El4YQA8oCXX7ynFSxRTFq;0.0;0.0;0.0;0.0010567106243696747;2.3234506687775837e-158;0.0
7q12xW42JkVKEMFNQACZ3l;0.0;0.002564102564102564;0.010470085470085471;0.004414162352726921;6.352844734147761e-05;0.0
4iudEcmuPlYNdbP3e1bdn1;0.0;0.0;0.0;0.0010567106243696747;2.3234506687775837e-158;0.0
2yEwvVSSSUkcLeSTNyHKh8;0.0;0.0;0.0;0.0010567106243696747;2.3234506687775837e-158;0.0
6wWVKhxIU2cEi0K81v7HvP;0.0;0.0;0.0;0.0010567106243696747;2.3234506687775837e-158;0.0
2ye2Wgw4gimLv2eAKyk1NB;0.0;0.0;0.0;0.0010567106243696747;2.3234506687775837e-158;0.0
3o2dn2O0FCVsWDFSh8qxgG;0.0;0.002564102564102564;0.010859728506787332;0.004054614200403362;1.0078425007772433e-18;0.0
7k5jeohQCF20a8foBD9ize;0.0;0.0;0.0;0.0010567106243696747;2.3234506687775837e-158;0.0
2VYQTNDsvvKN9wmU5W7xpj;0.0;0.002564102564102564;0.008664898320070733;0.004240342509554885;0.01978409958691267;0.0
776Uo845nYHJpNaStv1Ds4;0.0;0.0;0.0;0.0010567106243696747;2.3234506687775837e-158;0.0
1DFr97A9HnbV3SKTJFu62M;0.0009623624019510909;0.010256410256410256;0.018846153846153846;0.014040744355061717;0.0007631562529563868;0.0
630wzNP2OL7fl4Xl0GnMWq;0.0;0.002564102564102564;0.003418803418803419;0.005424774178485795;1.3791532854445705e-61;0.0
76t3VPzCEYAlrZhVAY7yjg;0.0;0.0;0.0;0.0010567106243696747;2.3234506687775837e-158;0.0
74eX4C98E4FCrAMl39qRsJ;0.0;0.002564102564102564;0.002564102564102564;0.007044732521017222;3.3629650897199496e-82;0.0
02OR1V0L1ODy7dDlBLTOvx;0.0;0.0;0.0;0.0010567106243696747;2.3234506687775837e-158;0.0
5xUf6j4upBrXZPg6AI4MRK;0.0;0.0;0.0;0.0010567106243696747;2.3234506687775837e-158;0.0
40Yq4vzPs9VNUrIBG5Jr2i;0.0;0.0;0.0;0.0010567106243696747;2.3234506687775837e-158;0.0
6t6aXZlmnAF1VuiG8BVjQZ;0.0;0.0;0.0;0.0010567106243696747;2.3234506687775837e-158;0.0
6mdiAmATAx73kdxrNrnlao;0.0;0.0;0.0;0.0010567106243696747;2.3234506687775837e-158;0.0
6aWektyglfpO0k93ns3J1Z;0.0;0.0;0.0;0.0010567106243696747;2.3234506687775837e-158;0.0
1xUhNgw4eJDZfvumIpcz1B;0.0;0.002564102564102564;0.012564102564102566;0.004144162540080188;0.0001758649741321027;0.0
61OnUq2Pb2GDDGlrHb7I6U;0.0;0.0;0.0;0.0010567106243696747;2.3234506687775837e-158;0.0
2RTUTCvo6onsAnheUk3aL9;0.0;0.0;0.0;0.0010567106243696747;2.3234506687775837e-158;0.0
6kNKUYGn6VNGsRoXmyoDPK;0.0;0.0;0.0;0.0010567106243696747;2.3234506687775837e-158;0.0
14SgKNlOCKAI0PfRD1HnWh;0.0005141388174807198;0.007692307692307693;0.01766826923076923;0.01096196114690651;0.0006503972344772152;0.0
1Qp56T7n950O3EGMsSl81D;0.0;0.0;0.0;0.0010567106243696747;2.3234506687775837e-158;0.0
6biWAmrHyiMkX49LkycGqQ;0.0;0.0;0.0;0.0010567106243696747;2.3234506687775837e-158;0.0
0eI3X5rAzHRZVe5FPk4MN1;0.00017137960582690659;0.005128205128205128;0.01322537112010796;0.006777757440668296;0.15439544257578827;0.0
5t28BP42x2axFnqOOMg3CM;3.9549139806209216e-05;0.007692307692307693;0.007692307692307693;0.01352456589114292;8.575341939208878e-48;0.0
5UayYWa9F0rbmDAMlnSE2O;0.0;0.0;0.0;0.0010567106243696747;2.3234506687775837e-158;0.0
7Js6Lde8thlIHXggv2SCBz;0.0;0.0;0.0;0.0010567106243696747;2.3234506687775837e-158;0.0
3N8Hy6xQnQv1F1XCiyGQqA;0.0;0.002564102564102564;0.002564102564102564;0.007044732521017222;3.3629650897199496e-82;0.0
2BM933ADIluGGrPBOhPgIt;0.0;0.0;0.0;0.0010567106243696747;2.3234506687775837e-158;0.0
2BFdLtG6ivaiRqPFTgV1in;0.0007382506097159053;0.007692307692307693;0.016153846153846154;0.0109064598117023;0.0005437270955683162;0.0
3qm84nBOXUEQ2vnTfUTTFC;0.0;0.0;0.0;0.0010567106243696747;2.3234506687775837e-158;0.0
2UazAtjfzqBF0Nho2awK4z;0.0;0.0;0.0;0.0010567106243696747;2.3234506687775837e-158;0.0
58lV9VcRSjABbAbfWS6skp;0.0;0.0;0.0;0.0010567106243696747;2.3234506687775837e-158;0.0
49qiE8dj4JuNdpYGRPdKbF;0.0;0.0;0.0;0.0010567106243696747;2.3234506687775837e-158;0.0
2d0hyoQ5ynDBnkvAbJKORj;0.0;0.0;0.0;0.0010567106243696747;2.3234506687775837e-158;0.0
6deZN1bslXzeGvOLaLMOIF;0.0;0.002564102564102564;0.002564102564102564;0.007044732521017222;3.3629650897199496e-82;0.0
5kwthnxNdfnqGk0nL35wDC;0.0;0.002564102564102564;0.002564102564102564;0.007044732521017222;3.3629650897199496e-82;0.0
05yxki8nNmjvmFgadW1Wl5;0.0;0.0;0.0;0.0010567106243696747;2.3234506687775837e-158;0.0
5IRFMGI8aEtZdN07OYrBZc;0.002162019642739437;0.023076923076923078;0.025699300699300702;0.030000937256538057;0.0035026672904433305;0.0
5KWOCu1saEHAhPiLKlOLIy;0.0;0.0;0.0;0.0010567106243696747;2.3234506687775837e-158;0.0
2etNWORcmPZZBKxcyt6dF4;0.0;0.002564102564102564;0.01094017094017094;0.004209805421587225;5.0203749169223024e-11;0.0
4rM0wJSri0i6AsFDtmv6ld;0.0;0.0;0.0;0.0010567106243696747;2.3234506687775837e-158;0.0
5FjQVp1Lb0kltmwIuu5kfj;0.0;0.0;0.0;0.0010567106243696747;2.3234506687775837e-158;0.0
2yzxX2DI9LFK8VFTyW2zZ8;0.0;0.002564102564102564;0.01766826923076923;0.0038873170029116626;0.0011329148343864025;0.0
2ewxVf7fjyICnXNGIoHj4C;0.0;0.0;0.0;0.0010567106243696747;2.3234506687775837e-158;0.0
76cL5U41d6JZT4CoH3kjQQ;0.0;0.0;0.0;0.0010567106243696747;2.3234506687775837e-158;0.0
78ltY2tUrZpkWJ9CWYGZfl;0.0;0.0;0.0;0.0010567106243696747;2.3234506687775837e-158;0.0
4MzJMcHQBl9SIYSjwWn8QW;0.0;0.0;0.0;0.0010567106243696747;2.3234506687775837e-158;0.0
5HUFo8AH9ZILmlyKFfEMNP;0.0;0.0;0.0;0.0010567106243696747;2.3234506687775837e-158;0.0
1qgm9fSb4hCM7fi4qRXyPM;0.0;0.0;0.0;0.0010567106243696747;2.3234506687775837e-158;0.0
3SnH9YEZxapnyyanhfI907;0.0;0.0;0.0;0.0010567106243696747;2.3234506687775837e-158;0.0
1caBfBEapzw8z2Qz9q0OaQ;2.6366093204139476e-05;0.005128205128205128;0.013582813582813583;0.0058739918853741606;0.23330882051672272;0.0
4HgqjpBaWctBWVHafQIpRt;0.0;0.0;0.0;0.0010567106243696747;2.3234506687775837e-158;0.0
4Gh0PMnovCgF0cpBDrqZRJ;0.0;0.0;0.0;0.0010567106243696747;2.3234506687775837e-158;0.0
2PSMsyKCoA8XJxcR1njnnq;0.0;0.0;0.0;0.0010567106243696747;2.3234506687775837e-158;0.0
7faHPFysvvVQ25a7r7OZeh;0.0;0.0;0.0;0.0010567106243696747;2.3234506687775837e-158;0.0
0kv6OdVEQbTMvI7Gm8mkHb;0.0;0.0;0.0;0.0010567106243696747;2.3234506687775837e-158;0.0
4UUMDeQJAxrENsgJGp86M8;0.0;0.0;0.0;0.0010567106243696747;2.3234506687775837e-158;0.0
2iXzwNiVUlkwAaI0t4qHaq;0.0;0.0;0.0;0.0010567106243696747;2.3234506687775837e-158;0.0
6j05n2UEVwLkjFZFuCuAgR;0.0;0.0;0.0;0.0010567106243696747;2.3234506687775837e-158;0.0
4acjV5gpm2vHLWpGvQ77DL;0.0;0.0;0.0;0.0010567106243696747;2.3234506687775837e-158;0.0
41vHguv5A56arhiVNrMW4z;0.0;0.0;0.0;0.0010567106243696747;2.3234506687775837e-158;0.0
7CHilrn81OdYjkh4uSVnYM;0.0;0.0;0.0;0.0010567106243696747;2.3234506687775837e-158;0.0
1hXjTjJzZTXDZ75AclOo6N;0.0;0.002564102564102564;0.003418803418803419;0.005424774178485795;1.3791532854445705e-61;0.0
00YTqRClk82aMchQQpYMd5;0.0;0.0;0.0;0.0010567106243696747;2.3234506687775837e-158;0.0
2EEOsdvu1oJzCKk9rUNQFq;0.0;0.0;0.0;0.0010567106243696747;2.3234506687775837e-158;0.0
5vJb4ALVjzp54RZfSL9vtO;0.0;0.002564102564102564;0.003418803418803419;0.005424774178485795;1.3791532854445705e-61;0.0
2duNzmJDPo9N8DBYIwfL8d;0.0;0.0;0.0;0.0010567106243696747;2.3234506687775837e-158;0.0
3HmMT81W29LjSKNjl1Iy1s;0.0;0.0;0.0;0.0010567106243696747;2.3234506687775837e-158;0.0
15VmPRQCJEZWaZWgHEroj0;0.0;0.0;0.0;0.0010567106243696747;2.3234506687775837e-158;0.0
40XllahYqSgw5j3ZaNlJmK;0.0;0.0;0.0;0.0010567106243696747;2.3234506687775837e-158;0.0
7lyUcNJUvtC0K7ufpLMvpg;0.0;0.0;0.0;0.0010567106243696747;2.3234506687775837e-158;0.0
7GFtsLGIM7wRmfGqrdAfkG;0.0;0.0;0.0;0.0010567106243696747;2.3234506687775837e-158;0.0
02lJii0aVOUjzXKpjW0kBn;0.0;0.0;0.0;0.0010567106243696747;2.3234506687775837e-158;0.0
74uyCKYpif9tOA7iWvXlj1;0.0;0.002564102564102564;0.002564102564102564;0.007044732521017222;3.3629650897199496e-82;0.0
4CLfDoR4nJvzfMsBckrZ0t;0.0;0.0;0.0;0.0010567106243696747;2.3234506687775837e-158;0.0
2w28irhMljQAtk0nhDRxei;0.0;0.0;0.0;0.0010567106243696747;2.3234506687775837e-158;0.0
1yDbenrXWhaQij3SCpsXe7;0.0;0.0;0.0;0.0010567106243696747;2.3234506687775837e-158;0.0
0fEXCJyOEfSy3YeTLBz0Lk;0.0;0.0;0.0;0.0010567106243696747;2.3234506687775837e-158;0.0
53EQo72MsQnD0bCyfRHo7e;0.0;0.0;0.0;0.0010567106243696747;2.3234506687775837e-158;0.0
0eSln8LapQ3DrweWRs6g3j;0.0;0.0;0.0;0.0010567106243696747;2.3234506687775837e-158;0.0
0iDagYU2nu7gTWMdtCxzxW;0.0;0.0;0.0;0.0010567106243696747;2.3234506687775837e-158;0.0
52qKfVcIV4GS8A8Vay2xtt;0.0004218574912662316;0.010256410256410256;0.018613485280151946;0.011172790302896482;0.4422300855282195;0.16666666666666666
1VW5tZ9pmSb2rG0GmSELwW;0.0003163931184496737;0.005128205128205128;0.014781297134238309;0.0066587696235021416;0.18013574924354567;0.0
0VE0GTaTSeeGSzrQpLmeb9;0.0;0.0;0.0;0.0010567106243696747;2.3234506687775837e-158;0.0
2ooWmQC4NQUQZ3z00mZQyK;0.0;0.002564102564102564;0.01322537112010796;0.0034751377383169316;0.160351649656633;0.0
4osVU3jyVz4gMMeyQr6ABg;0.0;0.0;0.0;0.0010567106243696747;2.3234506687775837e-158;0.0
6IOGoBdcGoq9EZGcpthG8Z;0.0;0.0;0.0;0.0010567106243696747;2.3234506687775837e-158;0.0
2VxMcbctuoZkLaG2HbXVV7;0.0;0.0;0.0;0.0010567106243696747;2.3234506687775837e-158;0.0
1TsgX8DlUvpk9mrUqxmOZu;0.0;0.0;0.0;0.0010567106243696747;2.3234506687775837e-158;0.0
2otRZcOVNcmdkZ5nEoogy6;0.0;0.0;0.0;0.0010567106243696747;2.3234506687775837e-158;0.0
0Hx4gv3eoiodtu6XYHF1X0;0.0;0.0;0.0;0.0010567106243696747;2.3234506687775837e-158;0.0
6f1kv0aUPG9I0Rp3dmLCPi;0.0;0.0;0.0;0.0010567106243696747;2.3234506687775837e-158;0.0
5pOGkBT2XrPOev8RtSgozs;0.0;0.0;0.0;0.0010567106243696747;2.3234506687775837e-158;0.0
5czW6bitDSKbNBNDizRT9p;0.0;0.002564102564102564;0.01766826923076923;0.0038873170029116626;0.0011329148343864025;0.0
4tususHNaR68xdgLstlGBA;0.0;0.002564102564102564;0.009854198089492207;0.003937081927944742;0.04856961535486375;0.0
4MAvEYtgY8yNljGP697n4F;0.0;0.002564102564102564;0.01766826923076923;0.0038873170029116626;0.0011329148343864025;0.0
1ZP10xzJoQljzTHiaU2Gri;0.0;0.0;0.0;0.0010567106243696747;2.3234506687775837e-158;0.0
3aBVrqnDvvbflFG4UaEvYC;0.0;0.0;0.0;0.0010567106243696747;2.3234506687775837e-158;0.0
2By8ec9DQOnN2aiiFyrQ82;0.0;0.0;0.0;0.0010567106243696747;2.3234506687775837e-158;0.0
4s5ls5cqM7dUTeAJ9APLaO;0.0;0.0;0.0;0.0010567106243696747;2.3234506687775837e-158;0.0
6swnqiL41Bd4gO2fnAXXrf;0.0;0.002564102564102564;0.002564102564102564;0.007044732521017222;3.3629650897199496e-82;0.0
5rIXueJu7zVE2gDZjUM6g8;0.0;0.0;0.0;0.0010567106243696747;2.3234506687775837e-158;0.0
011NgkJByFbRXZbXHGG5sw;0.0;0.002564102564102564;0.01766826923076923;0.0038873170029116626;0.0011329148343864025;0.0
6mcSNYbGthL93gHZEIdsw6;0.0;0.0;0.0;0.0010567106243696747;2.3234506687775837e-158;0.0
3cdasOCLRe8dKjzjowtzNW;0.0;0.0;0.0;0.0010567106243696747;2.3234506687775837e-158;0.0
3Uobr6LgQpBbk6k4QGAb3V;0.0;0.0;0.0;0.0010567106243696747;2.3234506687775837e-158;0.0
4tdWMno08N3B8MW64NjTuK;0.0;0.0;0.0;0.0010567106243696747;2.3234506687775837e-158;0.0
0nhDd1RWjZ6SDV1Vg1Ku2Q;0.0004614066310724408;0.005128205128205128;0.015384615384615385;0.00712175224754788;1.4253045333351943e-18;0.0
1oA1SW4FRAis6e8krh5YAf;0.0;0.002564102564102564;0.01094017094017094;0.004209805421587225;5.0203749169223024e-11;0.0
6KO6G41BBLTDNYOLefWTMU;0.0;0.0;0.0;0.0010567106243696747;2.3234506687775837e-158;0.0
3OXA6x7oHfSoll1wxndEVg;0.0;0.0;0.0;0.0010567106243696747;2.3234506687775837e-158;0.0
04xIyZvIYt208Jn90c7qLb;0.0;0.0;0.0;0.0010567106243696747;2.3234506687775837e-158;0.0
72TKafJhkVEdTk8LXRSp0A;0.0;0.0;0.0;0.0010567106243696747;2.3234506687775837e-158;0.0
5GLeyUhj8B8f5pJxqZllKl;0.0;0.002564102564102564;0.01766826923076923;0.0038873170029116626;0.0011329148343864025;0.0
0hqPo5hQ2BCODdxzlC9en5;0.0;0.002564102564102564;0.01094017094017094;0.004209805421587225;5.0203749169223024e-11;0.0
3utxjLheHaVEd9bPjQRsy8;0.0;0.0;0.0;0.0010567106243696747;2.3234506687775837e-158;0.0
5P9eLUsKRz8uFQVwtTnL73;0.0;0.0;0.0;0.0010567106243696747;2.3234506687775837e-158;0.0
0Iv7bsODzqbmMkC6pylYYN;0.0;0.0;0.0;0.0010567106243696747;2.3234506687775837e-158;0.0
2LtEDRKi75vGtsfdy205jX;0.0;0.0;0.0;0.0010567106243696747;2.3234506687775837e-158;0.0
46IBkAE4ktePwcTasCtvIa;0.0;0.0;0.0;0.0010567106243696747;2.3234506687775837e-158;0.0
2cr1yLhEpDBjgc7o4dn2vH;0.0;0.0;0.0;0.0010567106243696747;2.3234506687775837e-158;0.0
3JysSUOyfVs1UQ0UaESheP;0.0;0.002564102564102564;0.014134615384615386;0.004037622091639929;0.00024683790044460714;0.0
18fECuBA5mGfvMjZlHCsxr;0.0;0.002564102564102564;0.01094017094017094;0.004209805421587225;5.0203749169223024e-11;0.0
0eayuW5zGMgvXCEmcP7ivq;0.0;0.0;0.0;0.0010567106243696747;2.3234506687775837e-158;0.0
2pfqtUGZ9duncmB63sHjzf;0.0;0.0;0.0;0.0010567106243696747;2.3234506687775837e-158;0.0
5EzPaejJ1QA4wkTLV37e60;0.0;0.0;0.0;0.0010567106243696747;2.3234506687775837e-158;0.0
4p6RoajGbtqLSfYZpFxHyU;0.0;0.002564102564102564;0.01094017094017094;0.004209805421587225;5.0203749169223024e-11;0.0
3HVdAiMNjYrQIKlOGxoGh5;0.0;0.002564102564102564;0.004615384615384616;0.0048847880643086514;4.9509759769953336e-48;0.0
59dLJG3ZVwkMZLFKByQCJB;0.0;0.002564102564102564;0.004615384615384616;0.0048847880643086514;4.9509759769953336e-48;0.0
4ZznAOb4aE3va5Jz1iDpjc;0.0;0.002564102564102564;0.01094017094017094;0.004209805421587225;5.0203749169223024e-11;0.0
6HdO9DuwHJ5nCZIzBW7HVv;0.0;0.0;0.0;0.0010567106243696747;2.3234506687775837e-158;0.0
7dkRevTc1Sgu4UBC656n9a;0.0;0.0;0.0;0.0010567106243696747;2.3234506687775837e-158;0.0
05C3EDw4Rf0qMhrdjFKncL;0.0;0.0;0.0;0.0010567106243696747;2.3234506687775837e-158;0.0
4NiJW4q9ichVqL1aUsgGAN;0.0;0.0;0.0;0.0010567106243696747;2.3234506687775837e-158;0.0
1B0155rdv175D1tQ8VH7Oy;0.0;0.002564102564102564;0.011965811965811965;0.003454109352174861;0.1301770970004897;0.0
13PAR2tQOLWmj0wAr8UuXG;0.0;0.0;0.0;0.0010567106243696747;2.3234506687775837e-158;0.0
2FK0OPnng20MwV4TCnm0Ei;0.0;0.0;0.0;0.0010567106243696747;2.3234506687775837e-158;0.0
2TTfkn3oA5dSvqmvVxjUxR;0.0;0.0;0.0;0.0010567106243696747;2.3234506687775837e-158;0.0
10RMhYSgfvs4XwD4MacXVT;0.0;0.0;0.0;0.0010567106243696747;2.3234506687775837e-158;0.0
7dD9QN65SCgyAIBkXaYbAV;0.0;0.0;0.0;0.0010567106243696747;2.3234506687775837e-158;0.0
6q8LiFdCehhaItyNf5yHSN;0.0;0.0;0.0;0.0010567106243696747;2.3234506687775837e-158;0.0
5WMTLWYhybOr4SExHQiu1q;0.0;0.0;0.0;0.0010567106243696747;2.3234506687775837e-158;0.0
7jVZdCfDRBucTwItD3nlEL;0.0;0.002564102564102564;0.002564102564102564;0.007044732521017222;3.3629650897199496e-82;0.0
6lBam1B1t8wpnH7pJHWnj6;0.0;0.002564102564102564;0.010859728506787332;0.004054614200403362;1.0078425007772433e-18;0.0
0tArAy35gfr3k95DIbuLwN;0.0;0.0;0.0;0.0010567106243696747;2.3234506687775837e-158;0.0
3NpYu94DqEFa5BxDMmokCN;0.0;0.0;0.0;0.0010567106243696747;2.3234506687775837e-158;0.0
6pIRdCtSE5hLFfIfcTAicI;0.0;0.0;0.0;0.0010567106243696747;2.3234506687775837e-158;0.0
1pbEZTFweqdpGugARfRokF;0.0;0.0;0.0;0.0010567106243696747;2.3234506687775837e-158;0.0
5nGIFgo0shDenQYSE0Sn7c;0.0;0.0;0.0;0.0010567106243696747;2.3234506687775837e-158;0.0
4kzy5r1zhu4jC0LhQ15nti;0.0;0.0;0.0;0.0010567106243696747;2.3234506687775837e-158;0.0
651TiiKlmJjcOE4teleqGf;0.0;0.0;0.0;0.0010567106243696747;2.3234506687775837e-158;0.0
1VFYpTpgmp7ANXqok2dTg3;0.0;0.0;0.0;0.0010567106243696747;2.3234506687775837e-158;0.0
2ivdJjs8c34cBxVmNI6zSK;0.0;0.0;0.0;0.0010567106243696747;2.3234506687775837e-158;0.0
12dUJFF144JKQ8D8DLwpf9;0.0;0.0;0.0;0.0010567106243696747;2.3234506687775837e-158;0.0
01crEa9G3pNpXZ5m7wuHOk;0.0;0.0;0.0;0.0010567106243696747;2.3234506687775837e-158;0.0
4ybKgPHm2IPUSWP8LIxNSK;0.0;0.0;0.0;0.0010567106243696747;2.3234506687775837e-158;0.0
0qBJYMhRuF9LVecVOcHPjI;0.0;0.0;0.0;0.0010567106243696747;2.3234506687775837e-158;0.0
17gpQ8rfyLzT3YIcVjbkrw;0.0;0.0;0.0;0.0010567106243696747;2.3234506687775837e-158;0.0
0XHiH53dHrvbwfjYM7en7I;0.0;0.0;0.0;0.0010567106243696747;2.3234506687775837e-158;0.0
5aJJUTEzIbxdogCW6Qpire;0.0;0.0;0.0;0.0010567106243696747;2.3234506687775837e-158;0.0
5CjSfZN385ZURm90nUeGsN;0.0;0.0;0.0;0.0010567106243696747;2.3234506687775837e-158;0.0
6S7b6V8grITz3cdtWi853R;0.0;0.0;0.0;0.0010567106243696747;2.3234506687775837e-158;0.0
5u06pLBt7EpsyZRi2BcV44;0.0;0.0;0.0;0.0010567106243696747;2.3234506687775837e-158;0.0
6uNjT2PKDfR7t48JKhajkh;0.0;0.0;0.0;0.0010567106243696747;2.3234506687775837e-158;0.0
3EgMK920cIH5aLxFnJ6zSi;0.0;0.0;0.0;0.0010567106243696747;2.3234506687775837e-158;0.0
4DkXUPzylUW9pcNoBzhlPx;0.0;0.0;0.0;0.0010567106243696747;2.3234506687775837e-158;0.0
544X9aDcwFDSon8HevRcqg;0.0;0.0;0.0;0.0010567106243696747;2.3234506687775837e-158;0.0
7oWOdm8VD02lWR0p9kgodk;0.0;0.0;0.0;0.0010567106243696747;2.3234506687775837e-158;0.0
5owshUGXR3vxuTQqfo28Q8;0.0;0.0;0.0;0.0010567106243696747;2.3234506687775837e-158;0.0
0jcw7WQasA5yc9DYJFjgIb;0.0;0.0;0.0;0.0010567106243696747;2.3234506687775837e-158;0.0
6xs3t4VrfszbO3YJg2wLPa;0.0001450135126227671;0.005128205128205128;0.010256410256410256;0.007861770643008551;4.921020144791713e-19;0.0
3iLM9tkogCRKgRYYbt8tvN;0.0;0.0;0.0;0.0010567106243696747;2.3234506687775837e-158;0.0
0G0hIl1jIQmEx7d2ZRokju;0.0;0.0;0.0;0.0010567106243696747;2.3234506687775837e-158;0.0
2fkbcrv0tNgxkzT0wvivRN;0.0;0.0;0.0;0.0010567106243696747;2.3234506687775837e-158;0.0
3LVqjXvcYbwMZc4vt4wKpM;0.0;0.0;0.0;0.0010567106243696747;2.3234506687775837e-158;0.0
0nw0MpJdyzg9pxjwNM0c4b;0.0;0.0;0.0;0.0010567106243696747;2.3234506687775837e-158;0.0
4jyw0sF3Ji2vZ74ZZIWYBz;0.0;0.0;0.0;0.0010567106243696747;2.3234506687775837e-158;0.0
3mBFvlqINbTNsRB6htlJEY;0.0;0.0;0.0;0.0010567106243696747;2.3234506687775837e-158;0.0
1i5rlthy5CmAYWaFOB0jhz;0.0;0.0;0.0;0.0010567106243696747;2.3234506687775837e-158;0.0
0fY32zOZQBIUFh6rDMfbMt;0.0;0.0;0.0;0.0010567106243696747;2.3234506687775837e-158;0.0
2tRsMl4eGxwoNabM08Dm4I;0.0;0.002564102564102564;0.004615384615384616;0.0048847880643086514;4.9509759769953336e-48;0.0
0Exxs1Je3goNeVwT6yrfFV;0.0;0.0;0.0;0.0010567106243696747;2.3234506687775837e-158;0.0
4K7kAAsdwnIHjgRk28OyOi;0.0;0.002564102564102564;0.002564102564102564;0.007044732521017222;3.3629650897199496e-82;0.0
44mZKcYtAOuitqouBsZ4Bs;0.0;0.0;0.0;0.0010567106243696747;2.3234506687775837e-158;0.0
3V4IvzRQYP5mzuVtkcHgVa;0.0;0.002564102564102564;0.01322537112010796;0.0034751377383169316;0.160351649656633;0.0
7rBp0ChNSds53ArYsOJNSj;0.0;0.0;0.0;0.0010567106243696747;2.3234506687775837e-158;0.0
6odEUy7osvwibc1yNvxt5u;0.0;0.0;0.0;0.0010567106243696747;2.3234506687775837e-158;0.0
20S1emwKpVkaPnwRNigLeb;0.0;0.0;0.0;0.0010567106243696747;2.3234506687775837e-158;0.0
6gs7R5JcBte7Hv1ZbHC2D9;0.0;0.0;0.0;0.0010567106243696747;2.3234506687775837e-158;0.0
3xrzXKnScjOEoy172vsJMW;0.0;0.0;0.0;0.0010567106243696747;2.3234506687775837e-158;0.0
5PbiZVQoB8efOeulRH96gl;0.0;0.0;0.0;0.0010567106243696747;2.3234506687775837e-158;0.0
6XjXff8FNS5CqpF8dVAtoo;0.0;0.0;0.0;0.0010567106243696747;2.3234506687775837e-158;0.0
6dW5JxMjhrkIjiQQjGfHEF;0.0;0.0;0.0;0.0010567106243696747;2.3234506687775837e-158;0.0
74IbayA7S6dqDZtQXCdyvO;0.0;0.0;0.0;0.0010567106243696747;2.3234506687775837e-158;0.0
0klcoRwPQF1GMv8FrA7F8V;0.0;0.0;0.0;0.0010567106243696747;2.3234506687775837e-158;0.0
6QIfDpRxTPQER6zvd7V4cv;0.0;0.0;0.0;0.0010567106243696747;2.3234506687775837e-158;0.0
24il6GvsDX8CYoUNYx2ZkQ;0.0;0.0;0.0;0.0010567106243696747;2.3234506687775837e-158;0.0
3EhbVgyfGd7HkpsagwL9GS;0.0;0.002564102564102564;0.002564102564102564;0.007044732521017222;3.3629650897199496e-82;0.0
5AVBFCn4Hq4KY2Xjc5Gj4y;0.0;0.0;0.0;0.0010567106243696747;2.3234506687775837e-158;0.0
30TJoJIn79ZTDn7J93ymi8;0.0;0.002564102564102564;0.013461538461538462;0.0041598043324399744;0.00021036673314463351;0.0
4YLlWUd8PnnyGVKxqoebs7;0.0;0.0;0.0;0.0010567106243696747;2.3234506687775837e-158;0.0
6SiyKSeJo6gcsS2NvuAbsl;0.0;0.0;0.0;0.0010567106243696747;2.3234506687775837e-158;0.0
0usSM1SupkxrdbDqm5IZNO;0.0;0.0;0.0;0.0010567106243696747;2.3234506687775837e-158;0.0
2gcyUsEdTEYwsj79Gcvd3g;0.0;0.0;0.0;0.0010567106243696747;2.3234506687775837e-158;0.0
2TRtXTjjmyzK5oUGec1Gv8;0.0;0.002564102564102564;0.014134615384615386;0.004037622091639929;0.00024683790044460714;0.0
0kmbt7bmGiHNY0W9TiqMX4;0.0;0.0;0.0;0.0010567106243696747;2.3234506687775837e-158;0.0
5R5MLOQbI4lb7GHYioPqoN;0.0;0.002564102564102564;0.009716599190283401;0.004123848671514193;4.1746203255795087e-19;0.0
1CF8aEN939swnuIZGFI7Hk;0.0;0.0;0.0;0.0010567106243696747;2.3234506687775837e-158;0.0
5aYyPjAsLj7UzANzdupwnS;0.0;0.0;0.0;0.0010567106243696747;2.3234506687775837e-158;0.0
3cQmMjslpYVB01YuKPsjUj;0.0;0.0;0.0;0.0010567106243696747;2.3234506687775837e-158;0.0
4nDnG46ApUfIhdWFjZNUk3;0.0;0.0;0.0;0.0010567106243696747;2.3234506687775837e-158;0.0
6JOZsxwBJZm4bhcEy7gLIU;0.0;0.0;0.0;0.0010567106243696747;2.3234506687775837e-158;0.0
3hE8S8ohRErocpkY7uJW4a;0.0;0.002564102564102564;0.01766826923076923;0.0038873170029116626;0.0011329148343864025;0.0
2GST08xzn3dJilysjDhSmi;0.0;0.002564102564102564;0.01766826923076923;0.0038873170029116626;0.0011329148343864025;0.0
419dPBqnjp9M1SPNlne291;0.0;0.002564102564102564;0.005860805860805861;0.003946959309370437;5.385100625993446e-26;0.0
6YLWRVTViX4bm2mGxRy9XN;0.0;0.002564102564102564;0.01094017094017094;0.004209805421587225;5.0203749169223024e-11;0.0
0FN9uqveLW33mz8hlDLiFU;0.0;0.0;0.0;0.0010567106243696747;2.3234506687775837e-158;0.0
5i0ph60TnwTlIGrOZAmcZa;0.0;0.002564102564102564;0.002564102564102564;0.007044732521017222;3.3629650897199496e-82;0.0
2EHxLKdb90JLbMqPqPQvMd;0.0;0.0;0.0;0.0010567106243696747;2.3234506687775837e-158;0.0
3EYuaOf6w8uTG7eM8vpMLH;0.0;0.0;0.0;0.0010567106243696747;2.3234506687775837e-158;0.0
1hcUHQatuDorEZ93uTn1hP;0.0;0.0;0.0;0.0010567106243696747;2.3234506687775837e-158;0.0
0ZXSQd2JNOfwJcLNbX0jpN;0.0;0.0;0.0;0.0010567106243696747;2.3234506687775837e-158;0.0
0iG7bYgNYz3PUqjAIrgiFu;0.0;0.0;0.0;0.0010567106243696747;2.3234506687775837e-158;0.0
21UBtmJLMvV0OWBpy1hX6E;0.0002636609320413948;0.005128205128205128;0.012849650349650351;0.007893525925610215;0.00019641283507084063;0.0
7CTjkl9M3enzBBfm1u10Sy;0.0;0.002564102564102564;0.004615384615384616;0.0048847880643086514;4.9509759769953336e-48;0.0
6pLClLDuEeB6KdfvPblHSq;0.0;0.0;0.0;0.0010567106243696747;2.3234506687775837e-158;0.0
1WJ0L2oIgKup1n8AWgFVNe;0.0;0.0;0.0;0.0010567106243696747;2.3234506687775837e-158;0.0
3x63vETIzcWrlzDerW3Tbl;0.0;0.0;0.0;0.0010567106243696747;2.3234506687775837e-158;0.0
6qYd7xlmeeeDkPfx6mZ9PV;0.0;0.002564102564102564;0.004615384615384616;0.0048847880643086514;4.9509759769953336e-48;0.0
4X42BfuhWCAZ2swiVze9O0;0.0;0.0;0.0;0.0010567106243696747;2.3234506687775837e-158;0.0
2kbG9FBxVtchkki2nzkbBl;0.0;0.0;0.0;0.0010567106243696747;2.3234506687775837e-158;0.0
1qLwXsUtyW2Ba2Iotg4gE3;0.0;0.0;0.0;0.0010567106243696747;2.3234506687775837e-158;0.0
72XPmW6k6HZT6K2BaUUOhl;0.0;0.0;0.0;0.0010567106243696747;2.3234506687775837e-158;0.0
4KJjihrZR0XfiOPB0MdMVz;0.0;0.0;0.0;0.0010567106243696747;2.3234506687775837e-158;0.0
54okLCsuAzwltG8zHECNpm;7.909827961241843e-05;0.005128205128205128;0.01522921522921523;0.0058950202715162305;0.263483373172866;0.0
0BEI7i5sgUuivcfwXLzFmM;0.0;0.0;0.0;0.0010567106243696747;2.3234506687775837e-158;0.0
3n5p6FNL6EGWUhuwN97epR;0.0;0.002564102564102564;0.009716599190283401;0.004123848671514193;4.1746203255795087e-19;0.0
5lVQ6vMjrZwAQsJlCovorH;0.0;0.0;0.0;0.0010567106243696747;2.3234506687775837e-158;0.0
0utgKNVmlFL9Hp1bAMfDzF;0.0;0.002564102564102564;0.010859728506787332;0.004054614200403362;1.0078425007772433e-18;0.0
3KEe5d2p5jKihMMvuXVhr1;0.0;0.0;0.0;0.0010567106243696747;2.3234506687775837e-158;0.0
39oUK0McNh3XvEG5MyU4lm;0.0;0.0;0.0;0.0010567106243696747;2.3234506687775837e-158;0.0
7fJYw1vK9yWb8o51I8qHin;0.0;0.0;0.0;0.0010567106243696747;2.3234506687775837e-158;0.0
2CmaKO2zEGJ1NWpS1yfVGz;0.0;0.0;0.0;0.0010567106243696747;2.3234506687775837e-158;0.0
6gv7K55o2qyiGD9u84TIsW;0.0;0.0;0.0;0.0010567106243696747;2.3234506687775837e-158;0.0
7Ip1eXTDPgmMib2tTiJCyG;0.0;0.002564102564102564;0.002564102564102564;0.007044732521017222;3.3629650897199496e-82;0.0
6crEqOlFP6no2flmuas6P7;0.0;0.0;0.0;0.0010567106243696747;2.3234506687775837e-158;0.0
2oBL33e2BMxMNgSkbjkMof;0.0;0.002564102564102564;0.005860805860805861;0.003946959309370437;5.385100625993446e-26;0.0
0A7d0PJxaLO7CGI94ht6PX;0.0;0.0;0.0;0.0010567106243696747;2.3234506687775837e-158;0.0
3GzWhE2xadJiW8MqRKIVSK;0.0;0.002564102564102564;0.002564102564102564;0.007044732521017222;3.3629650897199496e-82;0.0
6Ghvu1VvMGScGpOUJBAHNH;0.0;0.0;0.0;0.0010567106243696747;2.3234506687775837e-158;0.0
05h7GRDnd4aXm0u6OB5VdV;0.0;0.0;0.0;0.0010567106243696747;2.3234506687775837e-158;0.0
4tBZdDATgAh9pWo6ezmYOw;0.0;0.0;0.0;0.0010567106243696747;2.3234506687775837e-158;0.0
3gZSeF7vGM11Rn3D9NXy67;0.0;0.0;0.0;0.0010567106243696747;2.3234506687775837e-158;0.0
6uejjWIOshliv2Ho0OJAQN;0.0;0.0;0.0;0.0010567106243696747;2.3234506687775837e-158;0.0
5U6szD10l8yZeyPl88mAUg;0.0;0.0;0.0;0.0010567106243696747;2.3234506687775837e-158;0.0
4BKyei61gtyDFxlKhcvBJJ;0.0;0.0;0.0;0.0010567106243696747;2.3234506687775837e-158;0.0
5ZnuwxU3BQDmhQSdZO743a;0.0;0.0;0.0;0.0010567106243696747;2.3234506687775837e-158;0.0
1lnAE48Ht3fnUDrcnx2nTM;0.0;0.0;0.0;0.0010567106243696747;2.3234506687775837e-158;0.0
4j7vAPWYV5yRdX8CnSq0Jc;0.0;0.0;0.0;0.0010567106243696747;2.3234506687775837e-158;0.0
5Ul6r5lUSOraWUidNnsILZ;0.0015687825456462989;0.007692307692307693;0.023557692307692307;0.009971322178252216;0.0015901194679756433;0.0
3Zo5u5IljPxQEfbNY2OgsX;0.0;0.0;0.0;0.0010567106243696747;2.3234506687775837e-158;0.0
3qyg72RGnGdF521zMU02u9;0.0;0.0;0.0;0.0010567106243696747;2.3234506687775837e-158;0.0
3hjOsJlTGeQ9Ho5S6C3pbs;0.0;0.0;0.0;0.0010567106243696747;2.3234506687775837e-158;0.0
5JrVokmullzV1zq8M8iP69;0.0;0.0;0.0;0.0010567106243696747;2.3234506687775837e-158;0.0
37561fPR6pVMtyLd3eOFys;0.0;0.002564102564102564;0.00858676207513417;0.004354338022488912;4.626888347304068e-19;0.0
6QUvv3P8ejJWoHqZNwnUQG;0.0008964471689407422;0.005128205128205128;0.020192307692307693;0.006974768918622177;0.0013087798085185053;0.0
1xJ6l1VXgGuyZ0uhu27caF;0.0;0.0;0.0;0.0010567106243696747;2.3234506687775837e-158;0.0
4UJhwkECvaIK8qsgCGJVcc;0.0;0.0;0.0;0.0010567106243696747;2.3234506687775837e-158;0.0
2YTNZDxylVaPsCjqXLOhM2;0.0;0.005128205128205128;0.006837606837606838;0.006864278461365917;9.395085036163116e-26;1.0
3fe9GIrUPpjOAvLGsBoNpJ;0.0;0.0;0.0;0.0010567106243696747;2.3234506687775837e-158;0.0
69nkxDYl0DQG7Zv3SgMC1X;0.0;0.0;0.0;0.0010567106243696747;2.3234506687775837e-158;0.0
19sJfp2FK2evlsw46WVhPG;0.0;0.0;0.0;0.0010567106243696747;2.3234506687775837e-158;0.0
5i6ZYPb7DyIl6ZrgmpcTCa;0.0;0.0;0.0;0.0010567106243696747;2.3234506687775837e-158;0.0
01KDvLstg6DnLjN8eHnTUY;0.0;0.0;0.0;0.0010567106243696747;2.3234506687775837e-158;0.0
4HrkLxQHZ5mgCtIVpiH5QX;0.0;0.002564102564102564;0.010692853246044734;0.003476593157568974;0.10313172351623301;0.0
32Jb1X3wSmmoHj2epZReZA;0.0;0.0;0.0;0.0010567106243696747;2.3234506687775837e-158;0.0
3iqfiMKG1Qp35bRjj03sb1;0.0;0.0;0.0;0.0010567106243696747;2.3234506687775837e-158;0.0
32tt1D2COV5Nzf3UWPveHh;0.0;0.0;0.0;0.0010567106243696747;2.3234506687775837e-158;0.0
50KIyycosYOGrBHfLaI1Ju;0.0;0.0;0.0;0.0010567106243696747;2.3234506687775837e-158;0.0
0X380XXQSNBYuleKzav5UO;0.0;0.0;0.0;0.0010567106243696747;2.3234506687775837e-158;0.0
5iftm9Sk7OBBnVqa7DbICi;0.0;0.0;0.0;0.0010567106243696747;2.3234506687775837e-158;0.0
7dWw3TXxNe2aEhng9vVRNl;0.0;0.0;0.0;0.0010567106243696747;2.3234506687775837e-158;0.0
31jvzuB4ikftPQZJwrYfCF;0.0;0.0;0.0;0.0010567106243696747;2.3234506687775837e-158;0.0
6qtECqesbU29iftyeWmldK;0.0;0.0;0.0;0.0010567106243696747;2.3234506687775837e-158;0.0
1ndYFluKxsOgbR91B3gLIf;0.0;0.0;0.0;0.0010567106243696747;2.3234506687775837e-158;0.0
5DsbNI5ZIDIWjmsAdaYvZ2;0.0;0.0;0.0;0.0010567106243696747;2.3234506687775837e-158;0.0
0HNFg6mSgz7WLcN74CI3oT;0.0;0.002564102564102564;0.004615384615384616;0.0048847880643086514;4.9509759769953336e-48;0.0
28KjD5HkkDDytQzKW7JzTp;0.0;0.0;0.0;0.0010567106243696747;2.3234506687775837e-158;0.0
1fiZijV9uuS7ZZmxnAbjEQ;0.0;0.0;0.0;0.0010567106243696747;2.3234506687775837e-158;0.0
2S5OOMthdyp3Qu4IbTGAQ3;0.0;0.0;0.0;0.0010567106243696747;2.3234506687775837e-158;0.0
3kRcmNakORbez29Ms2x40w;0.0;0.0;0.0;0.0010567106243696747;2.3234506687775837e-158;0.0
5P5FTygHyx2G57oszR3Wot;0.0;0.0;0.0;0.0010567106243696747;2.3234506687775837e-158;0.0
388Jc5WX2TxTOgGwXidDM7;0.0;0.0;0.0;0.0010567106243696747;2.3234506687775837e-158;0.0
0JP4tVwUQtzOtmtn4ktQB3;0.0;0.0;0.0;0.0010567106243696747;2.3234506687775837e-158;0.0
3cjPUmvFcKK9bdbsNL42Ro;0.0;0.0;0.0;0.0010567106243696747;2.3234506687775837e-158;0.0
3P16F9giedxmc5238b66bo;0.0;0.0;0.0;0.0010567106243696747;2.3234506687775837e-158;0.0
161AC1AVRkIGIMxyj5djFQ;0.0;0.0;0.0;0.0010567106243696747;2.3234506687775837e-158;0.0
09Z51O0q4AwHl7FjUUlFKw;0.0;0.002564102564102564;0.01094017094017094;0.004209805421587225;5.0203749169223024e-11;0.0
3JFsVIxOn7STeilPICkkB2;0.0;0.002564102564102564;0.003418803418803419;0.005424774178485795;1.3791532854445705e-61;0.0
0iQ4UvqTfRPoNioVeQLa0W;0.0;0.0;0.0;0.0010567106243696747;2.3234506687775837e-158;0.0
3Fv2tsp92SxLAAjln6MfQf;0.0;0.0;0.0;0.0010567106243696747;2.3234506687775837e-158;0.0
2D2svlzUpyTfcEEq0t3dgV;0.0;0.0;0.0;0.0010567106243696747;2.3234506687775837e-158;0.0
0kJ6yMQX2JghFr3nfRRljy;0.0;0.0;0.0;0.0010567106243696747;2.3234506687775837e-158;0.0
7lKhzVXxyZtPdHBNdhzF41;0.0;0.0;0.0;0.0010567106243696747;2.3234506687775837e-158;0.0
54jJseP0c0ahtWnKyV58gl;0.0;0.0;0.0;0.0010567106243696747;2.3234506687775837e-158;0.0
1UpTGgx1rskwFX0Wg4Grzw;0.0;0.002564102564102564;0.002564102564102564;0.007044732521017222;3.3629650897199496e-82;0.0
5w4idkfqBv56aZsoXgKjQg;0.0;0.0;0.0;0.0010567106243696747;2.3234506687775837e-158;0.0
4MZnqcyrwP70XrCQqW2jxP;0.0;0.0;0.0;0.0010567106243696747;2.3234506687775837e-158;0.0
7GwFd9kKOlZTPJ50EfvFe5;0.0;0.0;0.0;0.0010567106243696747;2.3234506687775837e-158;0.0
5gAbCaW9OmfIqqZGLpKb3f;0.0;0.0;0.0;0.0010567106243696747;2.3234506687775837e-158;0.0
2pD123sZTm8brthWviUKlQ;0.0;0.002564102564102564;0.013461538461538462;0.0041598043324399744;0.00021036673314463351;0.0
3eULSIP9PpWCuDT5tNYx9P;0.0;0.002564102564102564;0.002564102564102564;0.007044732521017222;3.3629650897199496e-82;0.0
3WPKDlucMsXH6FC1XaclZC;0.0;0.0;0.0;0.0010567106243696747;2.3234506687775837e-158;0.0
0c09mxGbMHuFLpPJMY6JdA;0.0;0.0;0.0;0.0010567106243696747;2.3234506687775837e-158;0.0
2SmW1lFlBJn4IfBzBZDlSh;0.0;0.0;0.0;0.0010567106243696747;2.3234506687775837e-158;0.0
6h2bWHWTJL38N8dqocVaif;0.0;0.0;0.0;0.0010567106243696747;2.3234506687775837e-158;0.0
