node;eigenvector;pagerank;closeness;degree;clustering_coeffs
6Xg22wJOAcnvPUfk5WvODH;0.019888685731054363;0.0028285552060344143;0.10862424105853491;0.006864988558352403;0.3333333333333333
55tJwpPIz9BMrSLM45iEXX;2.804282097836636e-20;0.0005310674455939684;0.0;0.0;0.0
3wYcmejLVtOoHIq9szUugh;2.869738388637394e-12;0.004596373212603452;0.005148741418764302;0.004576659038901602;0.0
5snNHNlYT2UrtZo5HCJkiw;0.30479868384483794;0.011720391466863425;0.15477880988775428;0.038901601830663615;0.17647058823529413
2FgZrgTMX6Sk0VNcOsEPmm;0.04209547949307826;0.007944225412054907;0.12860111297734592;0.020594965675057208;0.05555555555555555
3UwlejyX2b458azZ7eCnHb;2.8697383886373945e-12;0.004596373212603452;0.005148741418764302;0.004576659038901602;0.0
4qRXrzUmdy3p33lgvJEzdv;0.010211054064813218;0.0030571839607914657;0.10291468830907184;0.006864988558352403;0.0
0tzSBCPJZmHTdOA3ZV2mN3;0.07392772763880079;0.002470025127014672;0.12218108861654237;0.006864988558352403;0.3333333333333333
3cjEqqelV9zb4BYE3qDQ4O;2.804282097836636e-20;0.0005310674455939684;0.0;0.0;0.0
33oY0RTyXAMYBM6QSImuo7;6.853850894287866e-12;0.004239278988006733;0.006102212051868802;0.004576659038901602;0.0
4y0wFJ5jmCUNRLZfsw1I7g;0.00018314138808560283;0.0019371286809724021;0.07030348097235518;0.002288329519450801;0.0
1yKCQp9RVRzENoLUnsIQT5;2.804282097836636e-20;0.0005310674455939684;0.0;0.0;0.0
4EPYWwU4c8eG2GzD7MenUA;0.06700080974760257;0.0024073548818474367;0.12672828123495739;0.006864988558352403;0.3333333333333333
3eCd0TZrBPm2n9cDG6yWfF;0.17101010115586818;0.005767885916443456;0.14449829852989607;0.018306636155606407;0.25
4XpUIb8uuNlIWVKmgKZXC0;0.26708170247156243;0.013328914664436744;0.15508530258060133;0.041189931350114416;0.10457516339869281
3OBkZ9NG8F0Fn4oNpg0yuU;0.009166579420678283;0.002058305248739221;0.10526623360645654;0.004576659038901602;0.0
250b0Wlc5Vk0CoUsaCY84M;0.04760589768670564;0.0025557892209016582;0.11220354986132332;0.006864988558352403;0.6666666666666666
4XDi67ZENZcbfKnvMnTYsI;0.23974803024275196;0.009942865157551526;0.156950055717843;0.032036613272311214;0.14285714285714285
2eRjqXdTsssjpimRlz1i41;2.804282097836636e-20;0.0005310674455939684;0.0;0.0;0.0
4gOc8TsQed9eqnqJct2c5v;6.343156267045342e-13;0.005152173126726742;0.004576659038901602;0.004576659038901602;0.0
3eVa5w3URK5duf6eyVDbu9;0.015813365465472202;0.001273711092081325;0.09863737758589883;0.002288329519450801;0.0
7jFUYMpMUBDL4JQtMZ5ilc;0.0630168432669705;0.003189018032903347;0.12797071536471186;0.009153318077803204;0.16666666666666666
5DuzBeOgFwViFcv00Q5PFb;2.804282097836636e-20;0.0005310674455939684;0.0;0.0;0.0
4z6yrDz5GfKXkeQZjOaZdq;0.03331566497141204;0.003074629761380352;0.12218108861654237;0.006864988558352403;0.0
4Ly0KABsxlx4fNj63zJTrF;2.804282097836636e-20;0.0005310674455939684;0.0;0.0;0.0
3ytV7vc4ZuwGgwaOuWvkk8;0.1604399984350691;0.005489166905532399;0.13596888507500637;0.018306636155606407;0.21428571428571427
0XATRDCYuuGhk0oE7C0o5G;0.06043232224537932;0.006312405082790875;0.133194009869394;0.018306636155606407;0.14285714285714285
4U80LJd8sG6U9YTFP5izka;0.0053973207364710835;0.002808543423818964;0.09901147636308934;0.004576659038901602;0.0
2QeJBmgBdpH4i3uJns5Rdx;0.008783227457373597;0.0030818754086392943;0.09964132036031001;0.006864988558352403;0.3333333333333333
0kS1oLtVdBidgH2aKloRKR;0.0015724582166107615;0.0033066615782869095;0.08421298688516522;0.004576659038901602;0.0
5uM1Et50auro2hTS6ZLcmT;0.008236647127794402;0.002206696247388658;0.10641043179783106;0.004576659038901602;0.0
7bkvIZ8KT4kxelaAmobX8D;1.4702514525105743e-14;0.003540449637083543;0.002288329519450801;0.002288329519450801;0.0
10exVja0key0uqUkk6LJRT;2.804282097836636e-20;0.0005310674455939684;0.0;0.0;0.0
0Ikg5QGqfXvrtaSosMFruS;4.4852888105537034e-13;0.0027345878922619446;0.003051106025934401;0.002288329519450801;0.0
2p48L95TwEaYkSdn6R7LOr;0.006844657253548512;0.0012438010196931968;0.10251057304084249;0.002288329519450801;0.0
3U7bOaJLuFkrmDQ1C1OqKl;0.01251916679245798;0.0020582798683644456;0.10332200237889666;0.004576659038901602;1.0
64k5e9kV9MdukXjFrR5R37;0.09240754024398705;0.004521675223800698;0.13715950578494512;0.013729977116704806;0.06666666666666667
6FH5vFm7hqDm3UzEAYuizY;3.426925461165344e-12;0.0023851732168003507;0.0036613272311212816;0.002288329519450801;0.0
4Kxlr1PRlDKEB0ekOCyHgX;0.016483947849108806;0.005736434094600411;0.09938842360812648;0.009153318077803204;0.0
5L4EafeXwZ0stGuPtGr5Tz;0.04680778075426762;0.0043581610858256705;0.1305301296720061;0.011441647597254004;0.0
01XYiBYaoMJcNhPokrg0l0;2.804282097836636e-20;0.0005310674455939684;0.0;0.0;0.0
49muoiIu4uea4PO8vueUNN;0.010202741660264036;0.0012568592522368964;0.10144828730984931;0.002288329519450801;0.0
4k5fFEYgkWYrYvtOK3zVBl;0.005324051155152114;0.0013425274148721037;0.09876176267743211;0.002288329519450801;0.0
779v40cWIJUUoIDtC1IGaF;1.4702514525105743e-14;0.003540449637083543;0.002288329519450801;0.002288329519450801;0.0
6R57JlNKlnNrYaji0vw8xx;1.4702514525105743e-14;0.003540449637083543;0.002288329519450801;0.002288329519450801;0.0
2bWTIIQP9zaVc55RaMGu7e;2.804282097836636e-20;0.0005310674455939684;0.0;0.0;0.0
1fwMtpwCEJovQuyxSuHcAd;0.023353421174842588;0.005375956259260833;0.1160267819306721;0.011441647597254004;0.1
5BHFSMEjfLVx1JwRWjAOsE;2.804282097836636e-20;0.0005310674455939684;0.0;0.0;0.0
6B9YF4eOv99klogeZUzkYM;2.804282097836636e-20;0.0005310674455939684;0.0;0.0;0.0
24jJXZRz3aGvjVvZ4OoerD;0.005321722445414696;0.003679883457274899;0.102242921414104;0.006864988558352403;0.0
0il5ZP3xYOECtONJtZ38Ln;0.05391510190605803;0.003882089026328239;0.1275538726436542;0.011441647597254004;0.2
7l8rOFwZFQ3G0sgZ7gjGng;0.007821153019675833;0.003982834144754063;0.10526623360645654;0.009153318077803204;0.16666666666666666
2GQxKDojobwBjZMPf7aoh0;2.804282097836636e-20;0.0005310674455939684;0.0;0.0;0.0
0OzYRJJgttqlhZ63PHMndj;1.4702514525105743e-14;0.003540449637083543;0.002288329519450801;0.002288329519450801;0.0
2LgklPXmvWVOQfzPVkuChg;2.804282097836636e-20;0.0005310674455939684;0.0;0.0;0.0
6aLdhHUqgdKE86xbtNmY8g;0.3344128697452529;0.014137171866572483;0.15983281184327278;0.04576659038901602;0.13157894736842105
0hRHbwZ0xSwfVHl4FTv7jq;0.05433838389424117;0.004299456712811601;0.1273464679726889;0.011441647597254004;0.0
2AfmfGFbe0A0WsTYm0SDTx;4.4852888105537034e-13;0.0027345878922619446;0.003051106025934401;0.002288329519450801;0.0
1gBUSTR3TyDdTVFIaQnc02;9.128825980041962e-12;0.0023281898626982423;0.004576659038901602;0.002288329519450801;0.0
6QyO41KctzGc70mVaVnXQO;2.804282097836636e-20;0.0005310674455939684;0.0;0.0;0.0
2xPib32Evv9bGD0CBrpkqM;2.804282097836636e-20;0.0005310674455939684;0.0;0.0;0.0
0qlWcS66ohOIi0M8JZwPft;0.000619893783215791;0.001573768491756035;0.08244008189810911;0.002288329519450801;0.0
6SKusTjOAPsTZ6kareKQdm;0.006082228941569732;0.003491926095242619;0.10251057304084249;0.006864988558352403;0.0
1IlMpBkrZ4Na4S9fOcuN3f;2.804282097836636e-20;0.0005310674455939684;0.0;0.0;0.0
2lkCfFklQDBPlQzS4tR3VP;0.002526809652629906;0.001384080214130955;0.08731112352642549;0.002288329519450801;0.0
5HenzRvMtSrgtvU16XAoby;0.2052857548092397;0.007026416457244391;0.1469382322761795;0.02288329519450801;0.2222222222222222
5KNNVgR6LBIABRIomyCwKJ;2.804282097836636e-20;0.0005310674455939684;0.0;0.0;0.0
1l0mKo96Jh9HVYONcRl3Yp;0.0019196036864937756;0.0017508340375217823;0.08057415411852228;0.002288329519450801;0.0
6ZUjdwG0NvY6MT7vvmluhV;2.804282097836636e-20;0.0005310674455939684;0.0;0.0;0.0
0tC995Rfn9k2l7nqgCZsV7;2.804282097836636e-20;0.0005310674455939684;0.0;0.0;0.0
4zTNiArZgV1SKWATSFshVI;2.804282097836636e-20;0.0005310674455939684;0.0;0.0;0.0
1Do4bSzfUl0KWL9r1fITu0;0.06857031003679356;0.004066272062493855;0.13788393979437266;0.011441647597254004;0.0
6nVMMEywS5Y4tsHPKx1nIo;0.00941484373866139;0.004320596164979563;0.10757977720220283;0.009153318077803204;0.0
6ujr1NkqbZpYOhquczUUfl;2.804282097836636e-20;0.0005310674455939684;0.0;0.0;0.0
46RW1SRnlVw3OzyxN8ikGf;2.804282097836636e-20;0.0005310674455939684;0.0;0.0;0.0
58BWh3yJrluDugLv0QF0eC;0.04529994777982654;0.0018626216713838219;0.11812681418281096;0.004576659038901602;0.0
195hFqaTDENqLCcG8uGtM7;2.804282097836636e-20;0.0005310674455939684;0.0;0.0;0.0
6vPzAqZDXQgLTEn8pjp4jY;0.017474489295712624;0.001991997005619478;0.11061875395932722;0.004576659038901602;0.0
2Kym4g2CjFyRO3Hx3phNEM;2.804282097836636e-20;0.0005310674455939684;0.0;0.0;0.0
7qxo9RTWfEoFKN7XGtNV6V;2.804282097836636e-20;0.0005310674455939684;0.0;0.0;0.0
4dvmLXorXADxVq8EcySEWk;0.0029740407103684818;0.0037439471808514437;0.09609580098552596;0.006864988558352403;0.0
3dayhmhJfL4I8w1PuL9MqQ;1.4702514525105743e-14;0.003540449637083543;0.002288329519450801;0.002288329519450801;0.0
6C4irZ60X8G7UimMRQiCcg;2.804282097836636e-20;0.0005310674455939684;0.0;0.0;0.0
1RIh3aczBZD0MaLuhh5dMm;2.804282097836636e-20;0.0005310674455939684;0.0;0.0;0.0
0Sadg1vgvaPqGTOjxu0N6c;0.021694212366974226;0.006021241822235786;0.10984302637195466;0.013729977116704806;0.13333333333333333
1bkpTEmumLC3xc7HgMsttU;2.804282097836636e-20;0.0005310674455939684;0.0;0.0;0.0
0UntV1Bw2hk3fbRrm9eMP6;0.11047200539798267;0.004364572571045928;0.12471031497325424;0.013729977116704806;0.26666666666666666
2OjHL82qMprs982cWYzzkW;2.804282097836636e-20;0.0005310674455939684;0.0;0.0;0.0
6zn0ihyAApAYV51zpXxdEp;0.00819036056227874;0.0044135372080500715;0.10456352176662706;0.009153318077803204;0.0
7nqOGRxlXj7N2JYbgNEjYH;0.0031364130794036215;0.001371188169493387;0.09741054453134784;0.002288329519450801;0.0
3GwQM8FuFMkdHSPu4qvKli;5.935608996310827e-12;0.004346311381905143;0.005230467473030402;0.004576659038901602;0.0
7vUVBbfIykXkc668JoZI5P;2.804282097836636e-20;0.0005310674455939684;0.0;0.0;0.0
15gjdkbTAdGepZQ6URumfU;1.773595862998265e-12;0.0024845260615636348;0.003432494279176201;0.002288329519450801;0.0
2GEPtT5RDxrmdi0A4mbDi7;5.487932350629779e-05;0.0037477609065596565;0.06631505317798786;0.004576659038901602;0.0
0fs8Z11YQwRDEhdgRXoi4q;1.773595862998265e-12;0.0024845260615636348;0.003432494279176201;0.002288329519450801;0.0
3LFFf4EpKn2krneZ9vozyz;2.804282097836636e-20;0.0005310674455939684;0.0;0.0;0.0
0pUAhoiJoQuuh9BH0bwRmQ;2.804282097836636e-20;0.0005310674455939684;0.0;0.0;0.0
7LdZwtnhfB1GoC9SE9tvyb;0.013318078691165065;0.002658298068976068;0.10470331257112789;0.004576659038901602;0.0
0ZHbYuRbvC4tWW0iOdybwi;0.05104352127686031;0.0044089965086567175;0.12294831680251754;0.011441647597254004;0.1
610EjgFatGvVPtib97jQ8G;1.4702514525105743e-14;0.003540449637083543;0.002288329519450801;0.002288329519450801;0.0
6GwM5CHqhWXzG3l5kzRSAS;0.11813606266157523;0.0053302357513974555;0.13620535270122375;0.016018306636155607;0.23809523809523808
5L1lO4eRHmJ7a0Q6csE5cT;2.804282097836636e-20;0.0005310674455939684;0.0;0.0;0.0
6dhfy4ByARPJdPtMyrUYJK;0.04070212856679606;0.0018127135399038268;0.1231416317660435;0.004576659038901602;0.0
1sjw4xq2pAWy5Vdgba5QAt;0.10479155294650229;0.0092356006049639;0.1455726353219399;0.027459954233409613;0.06060606060606061
3P3RdEfqD4cdcmenFZB1ok;2.804282097836636e-20;0.0005310674455939684;0.0;0.0;0.0
0bxSJJ7V2M4Zb9lpRzWPD8;2.804282097836636e-20;0.0005310674455939684;0.0;0.0;0.0
6kxCoNfY6U1eP0Yc88phvk;1.4702514525105743e-14;0.003540449637083543;0.002288329519450801;0.002288329519450801;0.0
1XNC9ksvgXeD1xRJruSA5t;0.04235787972516041;0.00787012870772484;0.12713973669351245;0.020594965675057208;0.1111111111111111
1Pr9gT0veB2tgcisQeIGoC;1.4702514525105743e-14;0.003540449637083543;0.002288329519450801;0.002288329519450801;0.0
08W95PavXzyJenqF5bp386;2.804282097836636e-20;0.0005310674455939684;0.0;0.0;0.0
2wTLheTmMcFCA4hdY8hZJP;0.0055851380212520035;0.0022163577374360987;0.09802012240701334;0.004576659038901602;1.0
0n94vC3S9c3mb2HyNAOcjg;2.804282097836636e-20;0.0005310674455939684;0.0;0.0;0.0
5cYcI546S8Lf97m4mNdYLD;0.012923653505780296;0.004565557326104747;0.11156421339487703;0.011441647597254004;0.1
73kxDUq2Hl7Upy4o0yFxXv;2.804282097836636e-20;0.0005310674455939684;0.0;0.0;0.0
0eEhOgZ2x6kv8kLz77WO7b;3.2593090249134465e-11;0.003540449637083543;0.004576659038901602;0.004576659038901602;1.0
1sVSMPPNMMSZ7cQNfbvMOe;0.008667085246965377;0.002032275253110643;0.1062660485796522;0.004576659038901602;0.0
2qxcnbn5lwXDZBU4CBLsrg;2.804282097836636e-20;0.0005310674455939684;0.0;0.0;0.0
0h7XZWgoxlY49uSUj7MVRY;2.804282097836636e-20;0.0005310674455939684;0.0;0.0;0.0
4TnGh5PKbSjpYqpIdlW5nz;0.005151738315690122;0.0013215778231842894;0.09753185280598216;0.002288329519450801;0.0
7Bu0r4MCDX3sbhcFD5IXyx;0.025526026604705286;0.0011511907255446574;0.11220354986132332;0.002288329519450801;0.0
07KI4ayN7XEoAVkYdRq6FA;2.804282097836636e-20;0.0005310674455939684;0.0;0.0;0.0
3ybZTNrlK0QhL4rBxfLHOc;0.0015881801994645256;0.001355691104170304;0.08960878467185775;0.002288329519450801;0.0
3b4kLCI0ZJW47TFsNRqgCb;0.0803174263062765;0.009953308838530895;0.1418805757304414;0.027459954233409613;0.07575757575757576
1SCaQu3jTbcKIjy8aC7KHa;5.935608996310827e-12;0.004346311381905143;0.005230467473030402;0.004576659038901602;0.0
6bwp9ObI8FWvMPCIWVBmhl;2.804282097836636e-20;0.0005310674455939684;0.0;0.0;0.0
3ZeztAMgHGcYuZoWHA9XAH;1.4702514525105743e-14;0.003540449637083543;0.002288329519450801;0.002288329519450801;0.0
4o7tWrzQOqarDtTMWD2HV9;6.987123643831388e-12;0.0023742734678664267;0.004068141367912535;0.002288329519450801;0.0
1kfWoWgCugPkyxQP8lkRlY;0.006908741535427886;0.002089024602232805;0.10197666380625477;0.004576659038901602;0.0
0siBQaURCli5wn2lqv8WZg;0.1398986531329238;0.0041924784521167454;0.13364859693379463;0.013729977116704806;0.4
5tRk0bqMQubKAVowp35XtC;2.869738388637394e-12;0.004596373212603452;0.005148741418764302;0.004576659038901602;0.0
0tBYMeHDDJCzRuREuCTWi7;0.03660769927007602;0.002742380061110311;0.11866375424727826;0.006864988558352403;0.0
52MWHSohXVqTyGhBPRJepS;0.009355765370610942;0.001236157418523343;0.10641043179783106;0.002288329519450801;0.0
3uGFTJ7JMllvhgGpumieHF;0.02692564666641956;0.007906877938732336;0.12631948032774784;0.018306636155606407;0.0
28ot3wh4oNmoFOdVajibBl;2.804282097836636e-20;0.0005310674455939684;0.0;0.0;0.0
1lHfzEkKmmvdVDDDLKkcsd;2.804282097836636e-20;0.0005310674455939684;0.0;0.0;0.0
6uAlmplr9znkwaYj3ysgLd;2.804282097836636e-20;0.0005310674455939684;0.0;0.0;0.0
1TcbgUzUz9pA3mN30ZXnHl;2.804282097836636e-20;0.0005310674455939684;0.0;0.0;0.0
1SwnEZ4IUZF2CEsWOM0E2L;6.343156267045342e-13;0.005152173126726742;0.004576659038901602;0.004576659038901602;0.0
5bj6nsjCgL9lhNxStEtCZn;2.804282097836636e-20;0.0005310674455939684;0.0;0.0;0.0
7zYj9S9SdIunYCfSm7vzAR;0.007140033390254315;0.0012885804263066813;0.1023765722917695;0.002288329519450801;0.0
5ORE0ElD7HiONogJZzhKrS;2.804282097836636e-20;0.0005310674455939684;0.0;0.0;0.0
5V1qsQHdXNm4ZEZHWvFnqQ;2.804282097836636e-20;0.0005310674455939684;0.0;0.0;0.0
48eO052eSDcn8aTxiv6QaG;1.686796321364977e-11;0.006318349295943859;0.007322654462242563;0.006864988558352403;0.0
2e4G04F77jxVuDYo44TCSm;0.2191613553620419;0.011672968934138587;0.15236980117354798;0.036613272311212815;0.09166666666666666
0u3m5Sy2zsq4Gk0aduH9s7;1.4702514525105743e-14;0.003540449637083543;0.002288329519450801;0.002288329519450801;0.0
5CEOjEr0WAtfiVGGmxOxB9;2.804282097836636e-20;0.0005310674455939684;0.0;0.0;0.0
2CQZr2RPZmrcvDnaod1ldC;0.003793712974878529;0.0015958969748366431;0.09149308154579867;0.002288329519450801;0.0
1qW9Pi35NXnu7Q8KWyVYe6;1.4702514525105743e-14;0.003540449637083543;0.002288329519450801;0.002288329519450801;0.0
49VtaZvoqBgZHQxSqlCUyp;2.804282097836636e-20;0.0005310674455939684;0.0;0.0;0.0
41MozSoPIsD1dJM0CLPjZF;2.804282097836636e-20;0.0005310674455939684;0.0;0.0;0.0
6XXKPxRX2WWPPtfodzpc2v;0.07064268113210367;0.004919862610170513;0.13074804307713467;0.013729977116704806;0.2
3wRA5UYoo08BBKJnzyKkpF;0.03257455635911058;0.0050109563104642025;0.11654475863571975;0.009153318077803204;0.0
2JhAlkmukNvarUpGhTFXUQ;0.0005854338296967509;0.0016681385377361165;0.07926930951741261;0.002288329519450801;0.0
5vGoWnZO65NBgiZYBmi3iW;0.07649448708582138;0.0039365685970109586;0.13031294143627897;0.011441647597254004;0.1
13rF01aOogvnkuQXOlgTW8;0.04537734087437361;0.005025404867673269;0.12776195400196358;0.013729977116704806;0.2
5t5FqBwTcgKTaWmfEbwQY9;2.804282097836636e-20;0.0005310674455939684;0.0;0.0;0.0
2uWcrwgWmZcQc3IPBs3tfU;0.001120361791722585;0.0032916293282565265;0.08568717483939131;0.004576659038901602;0.0
7McwvS0kWbED0fxl6orCjA;9.394168194771345e-10;0.0041807434153128195;0.006864988558352402;0.006864988558352403;0.6666666666666666
56KP7DzAzkI8AlAKbt4N6t;6.343156267045342e-13;0.005152173126726742;0.004576659038901602;0.004576659038901602;0.0
72nLe76yBFSlP6VBzME358;2.804282097836636e-20;0.0005310674455939684;0.0;0.0;0.0
24nUVBIlCGi4twz4nYxJum;2.804282097836636e-20;0.0005310674455939684;0.0;0.0;0.0
1XtqhbH2mw54S87c4d4v2v;2.804282097836636e-20;0.0005310674455939684;0.0;0.0;0.0
5jewGMrZtMNJk5OsZ61Cpo;1.773595862998265e-12;0.0024845260615636348;0.003432494279176201;0.002288329519450801;0.0
7bmYpVgQub656uNTu6qGNQ;0.0764095147265938;0.0037694589816720404;0.1292377521505011;0.011441647597254004;0.3
5TnQc2N1iKlFjYD7CPGvFc;2.804282097836636e-20;0.0005310674455939684;0.0;0.0;0.0
0b1sIQumIAsNbqAoIClSpy;0.03894769796668395;0.0011318691013203794;0.1161989284914001;0.002288329519450801;0.0
2G4Ntbg3dYqkUAGrMUZ0U7;2.8697383886373945e-12;0.004596373212603452;0.005148741418764302;0.004576659038901602;0.0
3bCmhyXqTr9ZNGlHNYNTFA;2.804282097836636e-20;0.0005310674455939684;0.0;0.0;0.0
0sYpJ0nCC8AlDrZFeAA7ub;0.040137045565632856;0.0019980345944399292;0.11741840750105496;0.004576659038901602;0.0
4SpbR6yFEvexJuaBpgAU5p;2.804282097836636e-20;0.0005310674455939684;0.0;0.0;0.0
6VJXRJvRRyLv99RZbXJ8RO;2.804282097836636e-20;0.0005310674455939684;0.0;0.0;0.0
2ysnwxxNtSgbb9t1m2Ur4j;2.804282097836636e-20;0.0005310674455939684;0.0;0.0;0.0
5Qnl3RAtzne7J1dxRv1UBc;2.804282097836636e-20;0.0005310674455939684;0.0;0.0;0.0
0nJaMZM8paoA5HEUTUXPqi;1.4702514525105743e-14;0.003540449637083543;0.002288329519450801;0.002288329519450801;0.0
7H7jQxAxVm0E8zzP92riSI;2.804282097836636e-20;0.0005310674455939684;0.0;0.0;0.0
56Ac1JJiopOrWDuRIb330x;4.4852888105537034e-13;0.0027345878922619446;0.003051106025934401;0.002288329519450801;0.0
2gBArQmbKcvnqUy6M05BMJ;2.804282097836636e-20;0.0005310674455939684;0.0;0.0;0.0
4dwdTW1Lfiq0cM8nBAqIIz;2.804282097836636e-20;0.0005310674455939684;0.0;0.0;0.0
3cpG0SJLIJ1qpQfjmlWlzo;0.024765330007056056;0.0012136824381546365;0.10772775488748784;0.002288329519450801;0.0
6q94KewnCnut4Ta36dCoaB;2.804282097836636e-20;0.0005310674455939684;0.0;0.0;0.0
52zMTJCKluDlFwMQWmccY7;1.4702514525105743e-14;0.003540449637083543;0.002288329519450801;0.002288329519450801;0.0
20j1uz7iDOtIvIzCr5S8nx;0.08060849106445332;0.004706711405126113;0.11466775666647681;0.013729977116704806;0.2
1qBsABYUrxg9afpMtyoFKz;2.804282097836636e-20;0.0005310674455939684;0.0;0.0;0.0
4lYAh2AEuTUZsFPmuS2luG;2.804282097836636e-20;0.0005310674455939684;0.0;0.0;0.0
1foL9hLC9M6U94dINtOYfb;2.804282097836636e-20;0.0005310674455939684;0.0;0.0;0.0
5RR0MLwcjc87wjSw2JYdwx;2.804282097836636e-20;0.0005310674455939684;0.0;0.0;0.0
54gWVQFHf8IIqbjxAoOarN;2.804282097836636e-20;0.0005310674455939684;0.0;0.0;0.0
6JTCN21ovvrR3iPViZTXz4;2.804282097836636e-20;0.0005310674455939684;0.0;0.0;0.0
6zhAP0FoDccL9kuETOC20q;0.034881791975316226;0.0018562806984740324;0.11866375424727826;0.004576659038901602;0.0
2hcsKca6hCfFMwwdbFvenJ;1.773595862998265e-12;0.0024845260615636348;0.003432494279176201;0.002288329519450801;0.0
3qNVuliS40BLgXGxhdBdqu;0.08873199128812828;0.007448057625703904;0.1296656917271584;0.020594965675057208;0.1388888888888889
4y5pMZgG1zSou5ZQ5GhxqK;2.804282097836636e-20;0.0005310674455939684;0.0;0.0;0.0
1khChLj7REGqjM043PlYyn;2.804282097836636e-20;0.0005310674455939684;0.0;0.0;0.0
1dOMFM5wDNsENQQW0nl0K8;2.804282097836636e-20;0.0005310674455939684;0.0;0.0;0.0
6gzXCdfYfFe5XKhPKkYqxV;0.005026690753223355;0.005349858294933066;0.09741054453134784;0.009153318077803204;0.0
4DX2G1URzfEiRg2wBfv4ub;2.804282097836636e-20;0.0005310674455939684;0.0;0.0;0.0
4igDSX1kgfWbVTDCywcBGm;1.4702514525105743e-14;0.003540449637083543;0.002288329519450801;0.002288329519450801;0.0
78sJswwVn4P8aEhkF4K6fQ;0.07049058536593675;0.006426915155004833;0.13251789814416862;0.016018306636155607;0.047619047619047616
6jV25rzTKQ2zMgrqHha1V5;0.04415424126802476;0.003344501525159649;0.12776195400196358;0.009153318077803204;0.3333333333333333
1wKpMkucynaTfG8lyPprYV;2.804282097836636e-20;0.0005310674455939684;0.0;0.0;0.0
2BXth1dnMzlCfJP9EiCLnv;1.4702514525105743e-14;0.003540449637083543;0.002288329519450801;0.002288329519450801;0.0
3HqSLMAZ3g3d5poNaI7GOU;0.21264719933347367;0.01284939143239786;0.1442321874828797;0.036613272311212815;0.06666666666666667
6RKnXXyprPjhBdCvL802Ku;2.804282097836636e-20;0.0005310674455939684;0.0;0.0;0.0
2019zR22qK2RBvCqtudBaI;3.2593090249134465e-11;0.003540449637083543;0.004576659038901602;0.004576659038901602;1.0
0Pe7Z6GVLPZy15Yo9gH1Qy;2.804282097836636e-20;0.0005310674455939684;0.0;0.0;0.0
0yknwn0XnsbFLagS80AA0n;4.4852888105537034e-13;0.0027345878922619446;0.003051106025934401;0.002288329519450801;0.0
5dCvSnVduaFleCnyy98JMo;0.1656835648379093;0.008980763257394775;0.14530255622115706;0.027459954233409613;0.10606060606060606
6nfDaffa50mKtEOwR8g4df;0.00820972521674026;0.0013114690579798696;0.10105558426219828;0.002288329519450801;0.0
0SkORhzzdXwG4cIoEgiodt;1.4702514525105743e-14;0.003540449637083543;0.002288329519450801;0.002288329519450801;0.0
4zmCovcjfUoYP3VilaMGxb;0.02240509951778981;0.001146385548776569;0.10772775488748784;0.002288329519450801;0.0
2QM5S4yO6xHgnNvF0nbZZq;0.058764319940628244;0.007546712175397435;0.13503116862621323;0.020594965675057208;0.05555555555555555
7n2Ycct7Beij7Dj7meI4X0;4.4852888105537034e-13;0.0027345878922619446;0.003051106025934401;0.002288329519450801;0.0
3HJVw8aEtFqoc3raJVE8am;0.0019196036864937756;0.0017508340375217823;0.08057415411852228;0.002288329519450801;0.0
1VSepPOw3REo0L6LFeii0Q;2.804282097836636e-20;0.0005310674455939684;0.0;0.0;0.0
1z4g3DjTBBZKhvAroFlhOM;0.0007084772329492889;0.0015205468135587052;0.08261400612152285;0.002288329519450801;0.0
3ErHVJMsxTq2lLSmnONBm9;2.804282097836636e-20;0.0005310674455939684;0.0;0.0;0.0
4muJrGMndyYWqZtfk8OWy4;0.06148752396861965;0.004264805569255947;0.12988072604179712;0.011441647597254004;0.1
3Cv2vi3WTl8VZOTdrBkKdM;0.002232561650035482;0.0022222869140164476;0.0930143441843274;0.004576659038901602;0.0
72jkVdqYJJeimeZKeAFJ9d;3.426925461165344e-12;0.0023851732168003507;0.0036613272311212816;0.002288329519450801;0.0
0bDdOBGVCFVt0f8N9ldW1k;0.01949920917811566;0.002792305765650574;0.11061875395932722;0.006864988558352403;0.0
5UKoKVlU7EDN4UgDuVRAbX;0.011030691931903557;0.0029835986533637174;0.10802493490097058;0.006864988558352403;0.0
0BqRGrwqndrtNkojXiqIzL;0.04422718259126898;0.006510045090689762;0.12652355057060366;0.016018306636155607;0.047619047619047616
1gUu1J8msjln20VCCqj4BA;2.804282097836636e-20;0.0005310674455939684;0.0;0.0;0.0
2CvaqAMMsX576VBehaJ0Wx;2.804282097836636e-20;0.0005310674455939684;0.0;0.0;0.0
0UEP2XBR9aC5NBKcAKnBIq;0.03983808271870233;0.0074697604485233025;0.13009647475615227;0.018306636155606407;0.07142857142857142
3QGKsAfhZdldQCLuLjk6zl;2.804282097836636e-20;0.0005310674455939684;0.0;0.0;0.0
0WfaItAbs4vlgIA1cuqGtJ;2.804282097836636e-20;0.0005310674455939684;0.0;0.0;0.0
3MaRWfwKpbYnkYHC5gRKYo;2.804282097836636e-20;0.0005310674455939684;0.0;0.0;0.0
6hhqsQZhtp9hfaZhSd0VSD;2.804282097836636e-20;0.0005310674455939684;0.0;0.0;0.0
6dCz3spfpIvqqqsIoP6wXi;0.005151738315690122;0.0013215778231842894;0.09753185280598216;0.002288329519450801;0.0
1LVOxgnKHc1CWaiNoMuQ8s;2.804282097836636e-20;0.0005310674455939684;0.0;0.0;0.0
5schNIzWdI9gJ1QRK8SBnc;2.804282097836636e-20;0.0005310674455939684;0.0;0.0;0.0
0FRUZvZNPzM3YJMABJxf2K;0.05397416887929301;0.005005000752687734;0.13364859693379463;0.013729977116704806;0.06666666666666667
5rGgflnIpRNizTCozbYBuY;0.07805267718587458;0.0038734836504035314;0.12451204738188183;0.011441647597254004;0.2
2gJqa0PdfSuLpoQlWAIAzn;2.804282097836636e-20;0.0005310674455939684;0.0;0.0;0.0
3paGCCtX1Xr4Gx53mSeZuQ;9.128825980041962e-12;0.0023281898626982423;0.004576659038901602;0.002288329519450801;0.0
6tuPdaFPIytg3l2f51L7Hw;2.804282097836636e-20;0.0005310674455939684;0.0;0.0;0.0
0ghlgldX5Dd6720Q3qFyQB;2.804282097836636e-20;0.0005310674455939684;0.0;0.0;0.0
6BwPEMtVSTNdZJv6m4BhiQ;2.804282097836636e-20;0.0005310674455939684;0.0;0.0;0.0
6OwKE9Ez6ALxpTaKcT5ayv;0.10210514326493485;0.0030826107815623326;0.12451204738188183;0.009153318077803204;0.5
1pXX6uuufA0Zrk4Ksuh4nv;2.804282097836636e-20;0.0005310674455939684;0.0;0.0;0.0
3Fe3pszR2t4TOBVz41B1WR;2.804282097836636e-20;0.0005310674455939684;0.0;0.0;0.0
1a8TIH1iv3shLyozSMjaoX;6.343156267045342e-13;0.005152173126726742;0.004576659038901602;0.004576659038901602;0.0
1R52cwGf75yTf7I3Q0Irf8;0.003934589414769821;0.002812987807176596;0.0956264686241803;0.004576659038901602;0.0
1lFLniFTaPjYCtQZvDXpqu;2.804282097836636e-20;0.0005310674455939684;0.0;0.0;0.0
3ohXmy1PGdB3XgzhPqQ0tY;0.05344900230836906;0.001754880774488934;0.12123541455604282;0.004576659038901602;1.0
73B9bjqS2Z5KLXNGqXf64m;2.804282097836636e-20;0.0005310674455939684;0.0;0.0;0.0
2xNpeMJT0QrDfs4CFHygYi;2.804282097836636e-20;0.0005310674455939684;0.0;0.0;0.0
3Q5Qep7ytrjVleNnMnntgQ;2.804282097836636e-20;0.0005310674455939684;0.0;0.0;0.0
0Dct2Gu0qEbgGRjfaxew8g;2.804282097836636e-20;0.0005310674455939684;0.0;0.0;0.0
1BCBAzjX8J0qpvNTPRDCLc;2.804282097836636e-20;0.0005310674455939684;0.0;0.0;0.0
16oZKvXb6WkQlVAjwo2Wbg;2.804282097836636e-20;0.0005310674455939684;0.0;0.0;0.0
30b9WulBM8sFuBo17nNq9c;0.13578515039968048;0.01223386527455356;0.12839029148066175;0.032036613272311214;0.07692307692307693
7f4ignuCJhLXfZ9giKT7rH;1.2910350584924608e-11;0.004353245696210946;0.006102212051868802;0.004576659038901602;0.0
6VxCmtR7S3yz4vnzsJqhSV;2.804282097836636e-20;0.0005310674455939684;0.0;0.0;0.0
7AKHnZVqwXYuUwWJ8UGL5q;2.804282097836636e-20;0.0005310674455939684;0.0;0.0;0.0
2c3IakpImjWyeXNvyyGsdn;0.000464701587303554;0.0033222304198059264;0.07839647427748114;0.004576659038901602;0.0
6rxPqMdbKAh5wDrUn78c7e;2.804282097836636e-20;0.0005310674455939684;0.0;0.0;0.0
4wOAdZOMOVSwrZQxDYrUx3;2.804282097836636e-20;0.0005310674455939684;0.0;0.0;0.0
3l0MJ9LCiBlMyOMaz485Q5;1.4702514525105743e-14;0.003540449637083543;0.002288329519450801;0.002288329519450801;0.0
68KmkJeZGfwe1OUaivBa2L;1.4702514525105743e-14;0.003540449637083543;0.002288329519450801;0.002288329519450801;0.0
6741jcSlgsv0M3B4ruIPS5;0.014088954983805161;0.00219016946093044;0.10817414061215976;0.004576659038901602;0.0
5qRSs6mvI17zrkJpOHkCoM;0.028427481813721397;0.0017588860264366995;0.10197666380625477;0.004576659038901602;0.0
1klFdLh3pak3eOtJP0styY;2.804282097836636e-20;0.0005310674455939684;0.0;0.0;0.0
5R7AMwDeroq6Ls0COQYpS4;1.4702514525105743e-14;0.003540449637083543;0.002288329519450801;0.002288329519450801;0.0
5DnjOSzLCfn4hDbLECq8pt;0.019865387722598146;0.006728141877478757;0.11568401448035993;0.016018306636155607;0.047619047619047616
0CmvFWTX9zmMNCUi6fHtAx;2.804282097836636e-20;0.0005310674455939684;0.0;0.0;0.0
7ieMQQDR0bdBPz572mtxwS;0.13362090649415537;0.004302821370042774;0.1318486158303092;0.013729977116704806;0.3333333333333333
6MoXcK2GyGg7FIyxPU5yW6;0.012508494576982679;0.0028839791551682832;0.10728503808658037;0.006864988558352403;0.0
1xs6WFotNQSXweo0GXrS0O;2.804282097836636e-20;0.0005310674455939684;0.0;0.0;0.0
7Lq3yAtwi0Z7zpxEwbQQNZ;2.804282097836636e-20;0.0005310674455939684;0.0;0.0;0.0
3Nrfpe0tUJi4K4DXYWgMUX;0.016205913319866632;0.0019376054580970289;0.10144828730984931;0.004576659038901602;0.0
6iVo62B0bdTknRcrktCmak;0.005285345371556853;0.0012429862725894044;0.0982660951106696;0.002288329519450801;0.0
5r1tUTxVSgvBHnoDuDODPH;0.030140959951363906;0.0019049909712145101;0.11830525347915961;0.004576659038901602;1.0
7t5H3uQv0Zw6cQUnSTF5BB;2.804282097836636e-20;0.0005310674455939684;0.0;0.0;0.0
1dTvYIUWdOcBXYyUWhi91W;2.804282097836636e-20;0.0005310674455939684;0.0;0.0;0.0
2dd5mrQZvg6SmahdgVKDzh;0.1941902242403732;0.010052521864760576;0.1466630670471979;0.032036613272311214;0.07692307692307693
2u7CP5T30c8ctenzXgEV1W;0.1784522747868636;0.012590349817179327;0.15326434012368623;0.036613272311212815;0.06666666666666667
3EfnKIG9827OXkcQQT7HEI;0.01220576889103194;0.0011852348468069803;0.1084737919711962;0.002288329519450801;0.0
1cwOthlzLBwN8Imbq7P71H;2.804282097836636e-20;0.0005310674455939684;0.0;0.0;0.0
0gadJ2b9A4SKsB1RFkBb66;2.804282097836636e-20;0.0005310674455939684;0.0;0.0;0.0
6p5JxpTc7USNnBnLzctyd4;2.804282097836636e-20;0.0005310674455939684;0.0;0.0;0.0
5vV3bFXnN6D6N3Nj4xRvaV;2.804282097836636e-20;0.0005310674455939684;0.0;0.0;0.0
0gdWU9IX6LIiuPvXh95pas;2.804282097836636e-20;0.0005310674455939684;0.0;0.0;0.0
2hRQKC0gqlZGPrmUKbcchR;0.003793712974878529;0.0015958969748366431;0.09149308154579867;0.002288329519450801;0.0
7IiSLreTg1of8dDwxwiPw3;2.804282097836636e-20;0.0005310674455939684;0.0;0.0;0.0
5KOTrsUUc0VUVH3mR5StNC;2.804282097836636e-20;0.0005310674455939684;0.0;0.0;0.0
2dIgFjalVxs4ThymZ67YCE;2.804282097836636e-20;0.0005310674455939684;0.0;0.0;0.0
2KC9Qb60EaY0kW4eH68vr3;2.804282097836636e-20;0.0005310674455939684;0.0;0.0;0.0
6YVMFz59CuY7ngCxTxjpxE;2.804282097836636e-20;0.0005310674455939684;0.0;0.0;0.0
48tRNx6mDy91ETezlPgihs;4.4852888105537034e-13;0.0027345878922619446;0.003051106025934401;0.002288329519450801;0.0
6RHTUrRF63xao58xh9FXYJ;2.804282097836636e-20;0.0005310674455939684;0.0;0.0;0.0
6k4r73Wq8nhkCDoUsECL1e;0.01033445590545831;0.0012344840249067653;0.09938842360812648;0.002288329519450801;0.0
7sZ5ipSoboWdqXkdj6AXHo;0.008973440320738666;0.00299924824959882;0.10512493664859553;0.006864988558352403;0.0
52xY41GsLSW8qeem7zFIoG;2.804282097836636e-20;0.0005310674455939684;0.0;0.0;0.0
66brDsm3Y5DgSqFWeTAmQE;2.804282097836636e-20;0.0005310674455939684;0.0;0.0;0.0
4ufh0WuMZh6y4Dmdnklvdl;0.04570550731794417;0.0057282361632399765;0.12860111297734592;0.013729977116704806;0.06666666666666667
4BBN286rBKyCWsSPq2cxYO;0.12436000928189012;0.0055251165736152725;0.13620535270122375;0.016018306636155607;0.23809523809523808
1MlkzLE28NFMVQZpydkBsq;9.394168194771345e-10;0.0041807434153128195;0.006864988558352402;0.006864988558352403;0.6666666666666666
0iLbcXKdKfMdqllxqSUhPn;2.804282097836636e-20;0.0005310674455939684;0.0;0.0;0.0
3Lz3vEN23Fw0hIelrYEzUD;2.804282097836636e-20;0.0005310674455939684;0.0;0.0;0.0
4iO5uKMUphLqQ20TfrdZx3;2.804282097836636e-20;0.0005310674455939684;0.0;0.0;0.0
6y9nlaoynxSvoTGY09Vdcy;2.804282097836636e-20;0.0005310674455939684;0.0;0.0;0.0
28Nk9B0LudPoufVThERUDi;2.804282097836636e-20;0.0005310674455939684;0.0;0.0;0.0
2FLqlgckDKdmpBrvLAT5BM;0.06130146478271456;0.008020900889503038;0.13479875697625415;0.020594965675057208;0.0
6UbmqUEgjLA6jAcXwbM1Z9;0.08760283767395001;0.005977250463081238;0.133194009869394;0.016018306636155607;0.09523809523809523
3T0fMfxYBU3q9oAUAdPIsr;2.804282097836636e-20;0.0005310674455939684;0.0;0.0;0.0
6cdC1cwqh3eJAXaxXJt2jv;1.4702514525105743e-14;0.003540449637083543;0.002288329519450801;0.002288329519450801;0.0
3ZZzT0naD25RhY2uZvIKkJ;2.804282097836636e-20;0.0005310674455939684;0.0;0.0;0.0
2PSJ6YriU7JsFucxACpU7Y;0.039498209745337576;0.005507459947817142;0.12237199656750573;0.013729977116704806;0.0
5iRPbkcPmqAFFwDUj6ywVS;0.0026116673261125105;0.0035493842253683607;0.09085623875081632;0.006864988558352403;0.0
0DwdA5ZgTJcIQ2uIhc110D;2.8697383886373945e-12;0.004596373212603452;0.005148741418764302;0.004576659038901602;0.0
1wJ1hjR8MO4yvGO2ItLl4I;2.804282097836636e-20;0.0005310674455939684;0.0;0.0;0.0
7cVZApDoQZpS447nHTsNqu;0.19237843889086778;0.009410757650256778;0.1442321874828797;0.029748283752860413;0.11538461538461539
0lE4Ctn38KnvJ56oGRkNx7;2.804282097836636e-20;0.0005310674455939684;0.0;0.0;0.0
5sUKi0QlHVxvsCzmrhJsFO;2.804282097836636e-20;0.0005310674455939684;0.0;0.0;0.0
0jUn8CXobOt0IixyR72una;0.0063288175030620395;0.0012620024806666867;0.09802012240701334;0.002288329519450801;0.0
2Uvrls9HlspsRUtW6mp4Q3;2.804282097836636e-20;0.0005310674455939684;0.0;0.0;0.0
4ojQ8Cy1AVup7CZ0OG68eq;2.804282097836636e-20;0.0005310674455939684;0.0;0.0;0.0
0p0ksmwMDQlAM24TWKu4Ua;2.804282097836636e-20;0.0005310674455939684;0.0;0.0;0.0
0js3wKXyi7RL11sfOykRt1;0.08460538488589492;0.0031803447851782617;0.12550974006923665;0.009153318077803204;0.3333333333333333
3j4FHbC5zwmYGJ7r0ZgaMt;2.804282097836636e-20;0.0005310674455939684;0.0;0.0;0.0
42xj5mBLvrFdW6tYns6mxs;0.0031364130794036215;0.001371188169493387;0.09741054453134784;0.002288329519450801;0.0
3b8jXMWK6VSV8FlQ4hbVkd;2.804282097836636e-20;0.0005310674455939684;0.0;0.0;0.0
7ilKiNMbwZizhGdlaXEbd5;4.4852888105537034e-13;0.0027345878922619446;0.003051106025934401;0.002288329519450801;0.0
1i4Y4WlFFetQV14Z8UDdvr;0.004934381683608977;0.0012744161288544633;0.09789759725400458;0.002288329519450801;0.0
6pU8o91xAS0aWNjj06nQSU;0.008350215395987258;0.0020199552552664464;0.10554997008518013;0.004576659038901602;0.0
2JMtxA2S9SNUlqBlkDtXm6;2.804282097836636e-20;0.0005310674455939684;0.0;0.0;0.0
4tN3rZ7cChj4Wns2Wt2Nj6;2.804282097836636e-20;0.0005310674455939684;0.0;0.0;0.0
1XujSdsxykPhP3dn6HaT4l;0.000628790798288624;0.0017247994362325856;0.08032623364431145;0.002288329519450801;0.0
0D40an6y5Cv6sRzMGsRRQ8;1.4702514525105743e-14;0.003540449637083543;0.002288329519450801;0.002288329519450801;0.0
1d0nvifbTEmCbO8BlRKjod;2.804282097836636e-20;0.0005310674455939684;0.0;0.0;0.0
4lqxrwkJ16gYkKNumLA3SL;0.0005854338296967509;0.0016681385377361165;0.07926930951741261;0.002288329519450801;0.0
1mORehSVEd7lcaT2d7Sl2K;0.031105495571712573;0.0011604832779509035;0.11366919855327093;0.002288329519450801;0.0
2x4LoC3la2S3aUHxaP8w1T;0.005944656968000043;0.0012805734211439393;0.09539351742168534;0.002288329519450801;0.0
5AVJt6VYXT4hMRP8D3MRAC;2.804282097836636e-20;0.0005310674455939684;0.0;0.0;0.0
1rwig4pRfLrj3scq9as1Mb;2.804282097836636e-20;0.0005310674455939684;0.0;0.0;0.0
3sxWOFw4MSN54SIQ8np6iG;3.2593090249134465e-11;0.003540449637083543;0.004576659038901602;0.004576659038901602;1.0
5jiscb6yxuu9hj4BoW5Wea;0.015813365465472202;0.001273711092081325;0.09863737758589883;0.002288329519450801;0.0
3IvJqVgapy3AMUBmVGrvag;0.024765330007056056;0.0012136824381546365;0.10772775488748784;0.002288329519450801;0.0
4rUMcxwZhidyj6FTbMSXse;2.804282097836636e-20;0.0005310674455939684;0.0;0.0;0.0
6WWUJGBY4ETAE22tRmgJ8b;0.04001473884094188;0.001829681407146586;0.11724263144192165;0.004576659038901602;1.0
0s9Jv5Tyi7qmUEPZcWHigA;7.334744884272224e-10;0.002900155858854266;0.005148741418764302;0.004576659038901602;1.0
1loWI8jVk9btgJXHgqHXPD;2.804282097836636e-20;0.0005310674455939684;0.0;0.0;0.0
1MF797sg8WfxKRXELhlqtT;0.0023137892085895216;0.0013480741007116303;0.09096176283763492;0.002288329519450801;0.0
0gLjTcjMpYRAQE4nEai039;2.804282097836636e-20;0.0005310674455939684;0.0;0.0;0.0
7wBrxhzcHVIis4VL3iR6hF;0.022615983637996537;0.0011413884966750905;0.10907810278997725;0.002288329519450801;0.0
2frFGmni9tkRgXYdXmzQvR;0.02156767222747076;0.0019583271031456233;0.11093212153428282;0.004576659038901602;0.0
3Mrp5B6JdfoiObgY0WR8lF;0.013759196487202358;0.0011782972209654868;0.10318587325850286;0.002288329519450801;0.0
5zkf2Na8DKKJmtWX5Xrx3m;0.004640292783530695;0.0013247320865333741;0.09964132036031001;0.002288329519450801;0.0
7xGZWuU7JrDQmJ00L9UzhB;6.39400316426204e-06;0.002125706836224314;0.057375881174508175;0.002288329519450801;0.0
3IVjXrnR0npv1LY24kQSzd;0.024765330007056056;0.0012136824381546365;0.10772775488748784;0.002288329519450801;0.0
7fzX9P6uA9rnaPvp4QRD1b;1.4702514525105743e-14;0.003540449637083543;0.002288329519450801;0.002288329519450801;0.0
0LfTtDkTBqCnD8rWj8Cquq;1.4702514525105743e-14;0.003540449637083543;0.002288329519450801;0.002288329519450801;0.0
60YNqzrSj7rJkuqHkpHPqG;1.4702514525105743e-14;0.003540449637083543;0.002288329519450801;0.002288329519450801;0.0
25KT93FeotUTHC1dbLasxi;2.804282097836636e-20;0.0005310674455939684;0.0;0.0;0.0
14yLuCwlBqteUdBqx9soJV;2.804282097836636e-20;0.0005310674455939684;0.0;0.0;0.0
7pxK1v2idIDo5Imir0lb5i;1.4702514525105743e-14;0.003540449637083543;0.002288329519450801;0.002288329519450801;0.0
295glUeBYb1uqpNrSeYs1d;0.004600627538921777;0.0013112975595760336;0.09504621092621805;0.002288329519450801;0.0
3DkhgIw7lIyxekurpXNTrm;2.804282097836636e-20;0.0005310674455939684;0.0;0.0;0.0
6NdzNrBP8Jbhzp6h7yojht;0.020785194580752963;0.0011999009982851356;0.1126878817312283;0.002288329519450801;0.0
6g6zaR4B3WDZXphDRmsVGF;2.804282097836636e-20;0.0005310674455939684;0.0;0.0;0.0
1TTx0YcbKUtJIZY1HEnh9B;0.00807995993711199;0.0038798468740496995;0.10832375906390547;0.009153318077803204;0.0
0ODX6aegsZkBmBeMA5qqwi;2.804282097836636e-20;0.0005310674455939684;0.0;0.0;0.0
1iGenyJQdF1y4bV4GAvNmW;0.00820972521674026;0.0013114690579798696;0.10105558426219828;0.002288329519450801;0.0
49vOeJAPxAz6YmVZPNM7ys;0.009486313776789846;0.002635859469587392;0.10699190956721813;0.004576659038901602;0.0
1qOPo6b0U3t7BpyO8Ti1MF;0.01679755508518335;0.0020189647578237714;0.1089263947193375;0.004576659038901602;0.0
2QHTtUsN6Q13w3QHdfRqsK;0.0009540176807257011;0.0014690000729267742;0.08394220557685281;0.002288329519450801;0.0
7cgAZ03K2mMaWB70gwZs92;0.002720322307554649;0.0014450151260233669;0.09117354808289134;0.002288329519450801;0.0
5JqJWTzD2wSWAp7UmFSP5x;2.804282097836636e-20;0.0005310674455939684;0.0;0.0;0.0
4oEXworvhegyK83rZwVyWL;0.09481181690971989;0.00399695279844804;0.13479875697625415;0.011441647597254004;0.3
4XiZ3nAGoPv8K8IMktGc3b;2.804282097836636e-20;0.0005310674455939684;0.0;0.0;0.0
6cSxzHrQgGc4I4Ck5Gewej;2.804282097836636e-20;0.0005310674455939684;0.0;0.0;0.0
1K8kkeM8j0BL8sQ4aR7Vh6;2.804282097836636e-20;0.0005310674455939684;0.0;0.0;0.0
4sHFKM9JfBPd2KrqUBcF1M;7.334744884272224e-10;0.002900155858854266;0.005148741418764302;0.004576659038901602;1.0
7luxe2wCwtDtkKSP8ZhPLn;0.051358462951367374;0.003959390716387491;0.1292377521505011;0.011441647597254004;0.1
5m2sKBa2fJAm4P2MWfopum;2.804282097836636e-20;0.0005310674455939684;0.0;0.0;0.0
6pC3vnUgNVITdYMMXefi6D;2.804282097836636e-20;0.0005310674455939684;0.0;0.0;0.0
470WlqN9HSRDGNaMufeHHF;2.804282097836636e-20;0.0005310674455939684;0.0;0.0;0.0
2l9aF9jOgB7GI1uyNkx836;2.804282097836636e-20;0.0005310674455939684;0.0;0.0;0.0
35rZNMlMkBs7ghHmGKt0xq;2.804282097836636e-20;0.0005310674455939684;0.0;0.0;0.0
7DxCK6bwfQC3F2ajZ02R2F;1.773595862998265e-12;0.0024845260615636348;0.003432494279176201;0.002288329519450801;0.0
0B3I6YgdnfXehUCpsO6oB8;0.012861265558088215;0.002087496793443752;0.10105558426219828;0.004576659038901602;1.0
2YXlVLKq3X3soXd2aXUtIT;0.038119319323867806;0.003471957546005321;0.12256350203944236;0.009153318077803204;0.0
7jPVuaaHLs4QVSuN561jZt;0.002526809652629906;0.001384080214130955;0.08731112352642549;0.002288329519450801;0.0
0kRAVpQhUUArA8UnYwEdeZ;0.015437783557319529;0.0021398907300389154;0.10641043179783106;0.004576659038901602;0.0
7D8LuVnlyu91ndcPe70j7S;1.4702514525105743e-14;0.003540449637083543;0.002288329519450801;0.002288329519450801;0.0
2CQcJ2puP32r60KacgJdyW;2.804282097836636e-20;0.0005310674455939684;0.0;0.0;0.0
1LM58MDERaSyZWelmx8bMG;2.804282097836636e-20;0.0005310674455939684;0.0;0.0;0.0
2Pw8E6zZoeuksVWtyZPnzd;0.0055851380212520035;0.0022163577374360987;0.09802012240701334;0.004576659038901602;1.0
42N7nSYb8pRmVpBpkLSHVC;2.804282097836636e-20;0.0005310674455939684;0.0;0.0;0.0
61MMiylth1injW39oZBuYB;0.011087773647288194;0.0040786350015517454;0.10655520789551519;0.009153318077803204;0.16666666666666666
2Gi0XyT5ibRO83vRFN9iw4;1.773595862998265e-12;0.0024845260615636348;0.003432494279176201;0.002288329519450801;0.0
6tvrEIVX5eKJlipdzt11wi;0.007140033390254315;0.0012885804263066813;0.1023765722917695;0.002288329519450801;0.0
6BgYuNomEs12UIrnxhWE9a;2.804282097836636e-20;0.0005310674455939684;0.0;0.0;0.0
3e3oLJehq4vQl2H0FAJnvn;0.0019196036864937756;0.0017508340375217823;0.08057415411852228;0.002288329519450801;0.0
0ebNdVaOfp6N0oZ1guIxM8;0.054544491643574736;0.003439074178259144;0.1177715455687273;0.009153318077803204;0.0
0F8gvxccUYPndXVsyLmCi6;2.804282097836636e-20;0.0005310674455939684;0.0;0.0;0.0
714s2nd4G1chzdguyBIwvk;2.804282097836636e-20;0.0005310674455939684;0.0;0.0;0.0
0BeIulKOpcvsabwlt4u8qp;0.025200798168915833;0.0019404711177190578;0.09926245602433925;0.004576659038901602;1.0
1ASod2UqIYzO1NGvj1zTgW;0.0031364130794036215;0.001371188169493387;0.09741054453134784;0.002288329519450801;0.0
7ueOlHsDGBjqZfjpDj4oJO;0.015813365465472202;0.001273711092081325;0.09863737758589883;0.002288329519450801;0.0
1JvTUHnkJ8yiTQfOKDdArt;2.804282097836636e-20;0.0005310674455939684;0.0;0.0;0.0
1eTft3tXynrKdo6XD7QHLL;0.013633090474673922;0.003880526306039273;0.11350446058435315;0.009153318077803204;0.16666666666666666
3wWtfT7S2uVJJ3hGZlOLkZ;2.804282097836636e-20;0.0005310674455939684;0.0;0.0;0.0
6hrti7kBnnfAgy5Mq9wrQc;2.804282097836636e-20;0.0005310674455939684;0.0;0.0;0.0
2dixWDh9f2COEfikojSd39;2.804282097836636e-20;0.0005310674455939684;0.0;0.0;0.0
7e7pwSr2mLxAq1QbWkzghk;0.020785194580752963;0.0011999009982851356;0.1126878817312283;0.002288329519450801;0.0
433F0GjVZRnsjP8ztGEso1;2.804282097836636e-20;0.0005310674455939684;0.0;0.0;0.0
3qo507hAo0pjRj42AmioUv;0.002720322307554649;0.0014450151260233669;0.09117354808289134;0.002288329519450801;0.0
5t0Js3X9t4wpgXGlaiTFe6;0.004640292783530695;0.0013247320865333741;0.09964132036031001;0.002288329519450801;0.0
2GWO2az2ehE3ixfMLtdpl4;2.804282097836636e-20;0.0005310674455939684;0.0;0.0;0.0
08UYMBN9bJDi2wdZNWEVAL;2.804282097836636e-20;0.0005310674455939684;0.0;0.0;0.0
3hzcooxMtbApMTvvn6XKVA;2.869738388637394e-12;0.004596373212603452;0.005148741418764302;0.004576659038901602;0.0
15EDMg4DaX49QQyxlBzC2f;2.804282097836636e-20;0.0005310674455939684;0.0;0.0;0.0
6AHLjrNUzvqs8jg5JntmeL;2.804282097836636e-20;0.0005310674455939684;0.0;0.0;0.0
2NVYd7nCno3gh2Bz9pWtfi;0.03549837853533205;0.0011170604294461932;0.11350446058435315;0.002288329519450801;0.0
4jCGRzuZkwo8CxboiANMEU;2.804282097836636e-20;0.0005310674455939684;0.0;0.0;0.0
6zYgOm9dUOQUWcqLLQjJ3q;4.4852888105537034e-13;0.0027345878922619446;0.003051106025934401;0.002288329519450801;0.0
4fgfmrBHIWsUuHxeOPhv61;0.0003464261270826219;0.0015918751069578319;0.07839647427748114;0.002288329519450801;0.0
0lgENJQUkqkDbpsTYEayOr;1.4702514525105743e-14;0.003540449637083543;0.002288329519450801;0.002288329519450801;0.0
4R60A85t9mTZzCqJlVswuo;0.024765330007056056;0.0012136824381546365;0.10772775488748784;0.002288329519450801;0.0
3LKVw6XQYcot0OZMFmf4IP;0.015813365465472202;0.001273711092081325;0.09863737758589883;0.002288329519450801;0.0
1MAUqH0haKBYbjpknTfreY;0.11277771371084659;0.005938222960676503;0.13788393979437266;0.016018306636155607;0.14285714285714285
49tkHHS0mXwa5eLYvyvKyd;0.019296662321238577;0.0011671944967822;0.10832375906390547;0.002288329519450801;0.0
62CcVzIaV3dNGEmE12YAL9;0.008034004852497412;0.0021099665128127467;0.10428505699494496;0.004576659038901602;0.0
1JLB3JYl1p8ob8o5Y35bT6;2.804282097836636e-20;0.0005310674455939684;0.0;0.0;0.0
4rO1Cxt1NcUcX2XbF19rDI;2.804282097836636e-20;0.0005310674455939684;0.0;0.0;0.0
4hyF8Vtc73RYJr3RgTE2Zf;0.011445284792470287;0.002024031133675262;0.1089263947193375;0.004576659038901602;0.0
1Qr8KvDLnY4wY8ndgYOu9S;1.4702514525105743e-14;0.003540449637083543;0.002288329519450801;0.002288329519450801;0.0
3JUj7c2h5xkdOf0GJ07VWE;0.0003042076544031339;0.001536754367256894;0.07487387935296717;0.002288329519450801;0.0
0Mt9IxntWHsf793bLZhQ9P;0.01325103370885424;0.0020350143313975235;0.11140551607852583;0.004576659038901602;0.0
3NdOtTPPaXrCyC7Lpmzyhv;0.14815204545710478;0.005718920827414754;0.13410629760822546;0.018306636155606407;0.2857142857142857
4lsLWmOLcZjlaPhx7FKwLl;2.804282097836636e-20;0.0005310674455939684;0.0;0.0;0.0
4PPkRMbw2jIs7flJkl4okf;2.804282097836636e-20;0.0005310674455939684;0.0;0.0;0.0
6zPbaYJp7itQ8p0gPLqf2S;0.024765330007056056;0.0012136824381546365;0.10772775488748784;0.002288329519450801;0.0
7uRgKJfoqXp05a5OKhpEXS;2.804282097836636e-20;0.0005310674455939684;0.0;0.0;0.0
0ziR2zN0NFcB4x1G3P8cW3;0.00013054840617890393;0.0019307694966580172;0.07132793971147874;0.002288329519450801;0.0
